date,ticker,close
2026-09-17,NVDA,219.63
2026-09-17,AAPL,332.62
2026-09-17,GOOGL,348.0
2026-09-17,GOOG,344.34
2026-09-17,MSFT,497.42
2026-09-17,AMZN,252.54
2026-09-17,SPCX,153.775
2026-09-17,META,674.62
2026-09-17,AVGO,348.915
2026-09-17,TSLA,371.305
2026-09-17,BRK-A,766978.83
2026-09-17,BRK-B,510.7
2026-09-17,MU,982.205
2026-09-17,LLY,1145.2648
2026-09-17,JPM,346.67
2026-09-17,AMD,538.545
2026-09-17,WMT,106.645
2026-09-17,XOM,161.705
2026-09-17,V,369.5218
2026-09-17,JNJ,268.925
2026-09-17,GOOGM,49.16
2026-09-17,GOOGN,48.93
2026-09-17,INTC,109.86
2026-09-17,MA,565.71
2026-09-17,ABBV,262.21
2026-09-17,ORCL,150.7585
2026-09-17,CSCO,111.23
2026-09-17,PLTR,177.355
2026-09-17,CVX,210.6988
2026-09-17,BAC,57.735
2026-09-17,COST,889.96
2026-09-17,KO,87.68
2026-09-17,DELL,583.83
2026-09-17,CAT,800.485
2026-09-17,MRK,145.88
2026-09-17,PG,146.65
2026-09-17,UNH,378.7975
2026-09-17,LRCX,268.98
2026-09-17,AMAT,416.4807
2026-09-17,GE,316.435
2026-09-17,MS,201.4549
2026-09-17,NFLX,75.82
2026-09-17,PANW,381.78
2026-09-17,HD,305.66
2026-09-17,PM,190.395
2026-09-17,GS,936.95
2026-09-17,WFC,86.585
2026-09-17,RTX,193.94
2026-09-17,ANET,204.225
2026-09-17,CRWD,248.53
2026-09-17,GEV,941.9
2026-09-17,TMO,652.6825
2026-09-17,TXN,260.69
2026-09-17,SNDK,1616.05
2026-09-17,CCZ,64.67
2026-09-17,IBM,238.305
2026-09-17,C,131.5517
2026-09-17,KLAC,167.8
2026-09-17,MRVL,242.3
2026-09-17,AXP,314.18
2026-09-17,LIN,457.865
2026-09-17,AMGN,380.205
2026-09-17,VZ,48.955
2026-09-17,CRM,242.44
2026-09-17,QCOM,189.62
2026-09-17,APH,77.85
2026-09-17,GILD,148.21
2026-09-17,TMUS,171.23
2026-09-17,DIS,106.22
2026-09-17,DE,679.33
2026-09-17,PEP,133.545
2026-09-17,SCHW,103.67
2026-09-17,ADI,365.46
2026-09-17,MCD,249.2781
2026-09-17,T,25.465
2026-09-17,ABT,100.51
2026-09-17,NEE,80.59
2026-09-17,WELL,233.2269
2026-09-17,UNP,279.6365
2026-09-17,SCCO,197.05
2026-09-17,BLK,1050.95
2026-09-17,BA,200.05
2026-09-17,COP,131.52
2026-09-17,PFE,27.645
2026-09-17,WDC,420.26
2026-09-17,DHR,210.295
2026-09-17,UBER,71.12
2026-09-17,NOW,139.28
2026-09-17,TBB,19.48
2026-09-17,TJX,124.52
2026-09-17,ISRG,379.89
2026-09-17,NEM,125.055
2026-09-17,MNST,44.38
2026-09-17,VRTX,513.65
2026-09-17,GLW,150.13
2026-09-17,BMY,63.29
2026-09-17,FTNT,175.415
2026-09-17,BKNG,169.715
2026-09-17,PLD,134.31
2026-09-17,PGR,215.385
2026-09-17,COF,203.58
2026-09-17,LMT,534.93
2026-09-17,SNOW,342.545
2026-09-17,NET,335.875
2026-09-17,SPGI,405.4689
2026-09-17,MDT,92.31
2026-09-17,CVS,91.4
2026-09-17,MPC,414.2922
2026-09-17,PH,922.05
2026-09-17,MO,69.365
2026-09-17,VLO,400.81
2026-09-17,SBUX,96.78
2026-09-17,LOW,196.08
2026-09-17,SYK,281.4
2026-09-17,ADP,271.505
2026-09-17,PSX,267.655
2026-09-17,APP,318.1599
2026-09-17,BNY,152.82
2026-09-17,MCK,881.49
2026-09-17,FCX,71.24
2026-09-17,EQIX,1022.94
2026-09-17,ABNB,167.13
2026-09-17,SO,86.1
2026-09-17,ADBE,248.28
2026-09-17,CME,270.53
2026-09-17,HOOD,107.44
2026-09-17,GD,356.45
2026-09-17,VRT,243.59
2026-09-17,BX,124.83
2026-09-17,HCA,430.24
2026-09-17,USB,59.72
2026-09-17,CEG,261.49
2026-09-17,PNC,230.945
2026-09-17,DUK,117.78
2026-09-17,ELV,417.52
2026-09-17,PWR,614.51
2026-09-17,HWM,225.28
2026-09-17,KKR,98.595
2026-09-17,CSX,47.655
2026-09-17,WMB,71.32
2026-09-17,MAR,334.455
2026-09-17,ICE,152.77
2026-09-17,DASH,197.39
2026-09-17,DDOG,237.995
2026-09-17,UPS,100.42
2026-09-17,WM,212.48
2026-09-17,MMM,163.55
2026-09-17,INTU,315.625
2026-09-17,MRSH,173.81
2026-09-17,EMR,148.315
2026-09-17,EPD,38.305
2026-09-17,CMCSA,23.3019
2026-09-17,BE,279.7
2026-09-17,LITE,915.58
2026-09-17,HPE,61.7137
2026-09-17,AMT,175.19
2026-09-17,MCO,464.565
2026-09-17,REGN,780.9225
2026-09-17,CTAS,197.12
2026-09-17,TRV,377.26
2026-09-17,MDLZ,61.58
2026-09-17,SHW,322.75
2026-09-17,CDNS,281.82
2026-09-17,GM,87.6077
2026-09-17,ECL,274.11
2026-09-17,MSI,463.0859
2026-09-17,ITW,267.09
2026-09-17,EOG,144.02
2026-09-17,APO,127.74
2026-09-17,NOC,525.88
2026-09-17,CVNA,67.435
2026-09-17,CI,278.69
2026-09-17,SNPS,383.81
2026-09-17,ET,21.195
2026-09-17,ROST,228.195
2026-09-17,CMI,529.11
2026-09-17,FDX,307.155
2026-09-17,TGT,158.35
2026-09-17,NSC,316.68
2026-09-17,WBD,28.205
2026-09-17,BRKRP,459.04
2026-09-17,CL,87.005
2026-09-17,KMI,31.05
2026-09-17,HLT,305.975
2026-09-17,ORLY,84.92
2026-09-17,DLR,183.1
2026-09-17,RCL,252.765
2026-09-17,RSG,218.39
2026-09-17,SPG,204.3999
2026-09-17,AEP,120.85
2026-09-17,HON,205.85
2026-09-17,APD,287.13
2026-09-17,MRNA,160.09
2026-09-17,ALL,252.195
2026-09-17,AON,296.975
2026-09-17,URI,1011.34
2026-09-17,PCAR,118.56
2026-09-17,BSX,43.015
2026-09-17,SE,101.635
2026-09-17,MET,97.21
2026-09-17,AJG,240.41
2026-09-17,TRGP,284.07
2026-09-17,NUE,266.815
2026-09-17,TDG,1086.65
2026-09-17,COR,314.1008
2026-09-17,MPLX,58.82
2026-09-17,GWW,1256.6
2026-09-17,OKE,93.57
2026-09-17,TFC,48.255
2026-09-17,OXY,58.695
2026-09-17,AFL,116.22
2026-09-17,COHR,296.055
2026-09-17,KEYS,334.78
2026-09-17,MPWR,1149.23
2026-09-17,D,63.8
2026-09-17,FAST,48.865
2026-09-17,TER,357.28
2026-09-17,BKR,56.17
2026-09-17,FIX,1583.985
2026-09-17,LNG,267.57
2026-09-17,CTVA,81.38
2026-09-17,FANG,193.145
2026-09-17,O,57.0885
2026-09-17,F,13.77
2026-09-17,SRE,82.045
2026-09-17,NKE,36.085
2026-09-17,AME,233.105
2026-09-17,CAH,228.09
2026-09-17,DVN,48.18
2026-09-17,SOMN,46.02
2026-09-17,HONA,166.51
2026-09-17,DAL,79.36
2026-09-17,PSA,296.5981
2026-09-17,NTRA,358.185
2026-09-17,EW,88.825
2026-09-17,HBANL,25.03
2026-09-17,CIEN,355.96
2026-09-17,NDAQ,90.17
2026-09-17,STT,183.18
2026-09-17,MSTR,130.78
2026-09-17,EBAY,112.11
2026-09-17,BDX,182.5544
2026-09-17,VMRK,62.85
2026-09-17,AMP,545.86
2026-09-17,ALAB,279.99
2026-09-17,VST,142.3399
2026-09-17,ETR,102.38
2026-09-17,FITB,52.52
2026-09-17,WDAY,197.22
2026-09-17,WAB,278.14
2026-09-17,AZO,2859.32
2026-09-17,ROK,418.4
2026-09-17,LHX,249.525
2026-09-17,XYZ,77.12
2026-09-17,HUM,385.35
2026-09-17,CBRS,193.645
2026-09-17,XEL,72.975
2026-09-17,PYPL,53.11
2026-09-17,ADSK,216.475
2026-09-17,VTR,87.895
2026-09-17,IQV,271.59
2026-09-17,CARR,54.23
2026-09-17,COIN,169.15
2026-09-17,SMCIP,67.35
2026-09-17,CRWV,79.58
2026-09-17,A,155.16
2026-09-17,EXC,42.3499
2026-09-17,TRI,100.08
2026-09-17,RVMD,201.64
2026-09-17,KDP,31.69
2026-09-17,CMG,33.955
2026-09-17,MDLN,32.68
2026-09-17,VEEV,264.855
2026-09-17,RKLB,67.42
2026-09-17,WAT,428.495
2026-09-17,ARES,127.13
2026-09-17,ADM,86.725
2026-09-17,HEI,297.955
2026-09-17,PAYX,115.72
2026-09-17,HBANM,20.34
2026-09-17,PRU,118.2
2026-09-17,CBRE,140.15
2026-09-17,LYV,169.865
2026-09-17,IBKR,88.1
2026-09-17,STRF,103.575
2026-09-17,IDXX,504.7
2026-09-17,MSCI,545.895
2026-09-17,DHI,141.83
2026-09-17,AIG,75.17
2026-09-17,ED,106.04
2026-09-17,TTWO,209.32
2026-09-17,BTSGU,196.545
2026-09-17,NTAP,197.71
2026-09-17,HBANZ,19.2
2026-09-17,MCHP,71.01
2026-09-17,VIK,85.13
2026-09-17,SYY,78.68
2026-09-17,STRC,98.0
2026-09-17,YUM,137.7587
2026-09-17,TWLO,243.905
2026-09-17,KR,60.96
2026-09-17,ROP,375.32
2026-09-17,AXON,453.565
2026-09-17,ODFL,175.39
2026-09-17,ILMN,240.58
2026-09-17,HIG,133.66
2026-09-17,UI,595.425
2026-09-17,RKT,12.705
2026-09-17,TKO,189.51
2026-09-17,VG,14.275
2026-09-17,PCG,13.2837
2026-09-17,PEG,70.66
2026-09-17,UAL,108.075
2026-09-17,STLD,243.615
2026-09-17,P,104.0
2026-09-17,KVUE,17.875
2026-09-17,EL,94.8685
2026-09-17,RBLX,47.92
2026-09-17,PPLC,45.42
2026-09-17,HSY,169.195
2026-09-17,IRM,113.935
2026-09-17,HBANP,16.7701
2026-09-17,WEC,103.702
2026-09-17,RPRX,58.52
2026-09-17,MCHPP,61.76
2026-09-17,OKTA,190.6
2026-09-17,CNC,67.42
2026-09-17,DXCM,87.24
2026-09-17,RMD,225.75
2026-09-17,KMB,97.85
2026-09-17,MTB,225.22
2026-09-17,EME,733.23
2026-09-17,ALNY,241.49
2026-09-17,EXPE,281.735
2026-09-17,NTRS,176.1
2026-09-17,CQP,66.23
2026-09-17,ZS,196.53
2026-09-17,MDB,397.485
2026-09-17,BIIB,216.56
2026-09-17,HBAN,15.715
2026-09-17,VMC,242.595
2026-09-17,RJF,163.08
2026-09-17,EQT,50.145
2026-09-17,JBL,299.12
2026-09-17,CCI,73.055
2026-09-17,CRDO,165.3
2026-09-17,CCL,22.39
2026-09-17,AGNCN,25.8029
2026-09-17,AGNCO,25.6501
2026-09-17,AGNCP,25.44
2026-09-17,AGNCM,25.37
2026-09-17,AGNCZ,25.26
2026-09-17,AGNCL,25.25
2026-09-17,HPQ,33.1
2026-09-17,ZTS,72.1
2026-09-17,MLM,494.32
2026-09-17,KHC,24.685
2026-09-17,EXR,138.125
2026-09-17,RDDT,150.11
2026-09-17,GEHC,63.74
2026-09-17,AEE,103.65
2026-09-17,HAL,34.0
2026-09-17,CFG,66.915
2026-09-17,TDY,604.31
2026-09-17,SYF,75.09
2026-09-17,FTS,54.38
2026-09-17,IR,71.4073
2026-09-17,STRD,71.9699
2026-09-17,CTSH,61.29
2026-09-17,FOXA,65.48
2026-09-17,ECHO,94.4
2026-09-17,CPRT,29.605
2026-09-17,ATO,161.86
2026-09-17,DG,123.85
2026-09-17,DGX,247.32
2026-09-17,SYM,45.0
2026-09-17,VRSN,300.5875
2026-09-17,AWK,136.45
2026-09-17,INSM,124.165
2026-09-17,DTE,130.19
2026-09-17,ZM,92.55
2026-09-17,STRK,70.0
2026-09-17,ON,68.69
2026-09-17,LVS,40.99
2026-09-17,VICI,24.11
2026-09-17,CPAY,403.8275
2026-09-17,SMCI,40.25
2026-09-17,OTIS,69.01
2026-09-17,FE,45.365
2026-09-17,FISV,49.36
2026-09-17,LH,322.37
2026-09-17,CPNG,14.505
2026-09-17,LPLA,330.54
2026-09-17,CINF,169.55
2026-09-17,WSM,220.51
2026-09-17,WRB,69.83
2026-09-17,WST,366.8
2026-09-17,ES,68.305
2026-09-17,GFS,46.06
2026-09-17,INCY,125.69
2026-09-17,DOV,189.07
2026-09-17,CNP,38.2425
2026-09-17,PFG,117.375
2026-09-17,PPL,33.3426
2026-09-17,XYL,107.285
2026-09-17,ATI,182.705
2026-09-17,FFIV,438.105
2026-09-17,FOX,58.725
2026-09-17,EXPD,188.43
2026-09-17,Q,116.83
2026-09-17,ASTS,62.7699
2026-09-17,AFRM,72.1
2026-09-17,RF,28.495
2026-09-17,GH,180.51
2026-09-17,TPL,350.185
2026-09-17,TW,101.57
2026-09-17,SN,168.42
2026-09-17,FWONK,94.595
2026-09-17,DRI,207.755
2026-09-17,TPR,118.615
2026-09-17,FCNCA,2090.11
2026-09-17,IOT,40.25
2026-09-17,PPG,105.745
2026-09-17,ULTA,545.13
2026-09-17,HUBB,438.74
2026-09-17,VLTO,94.67
2026-09-17,VRSK,176.77
2026-09-17,RIVN,15.88
2026-09-17,ROKU,154.41
2026-09-17,BG,118.09
2026-09-17,GPN,85.59
2026-09-17,CHD,95.46
2026-09-17,NRG,107.055
2026-09-17,JBHT,238.33
2026-09-17,PHM,119.17
2026-09-17,RBRK,107.34
2026-09-17,KEY,20.815
2026-09-17,MKL,1791.2
2026-09-17,L,108.18
2026-09-17,CASY,595.53
2026-09-17,TROW,103.05
2026-09-17,BRO,65.225
2026-09-17,IFF,85.1
2026-09-17,FWONA,86.555
2026-09-17,SOFI,16.8
2026-09-17,OMC,78.91
2026-09-17,SNX,267.755
2026-09-17,RGLD,252.485
2026-09-17,UTHR,497.57
2026-09-17,DOW,29.525
2026-09-17,DLTR,113.275
2026-09-17,SOJC,19.28
2026-09-17,EIX,54.89
2026-09-17,ARXS,50.585
2026-09-17,THC,261.71
2026-09-17,CRCL,82.7852
2026-09-17,CW,568.625
2026-09-17,FSLR,195.1801
2026-09-17,FICO,967.09
2026-09-17,STZ,122.3
2026-09-17,CDE,20.29
2026-09-17,PKG,232.495
2026-09-17,CMS,65.915
2026-09-17,RS,400.665
2026-09-17,XPO,174.59
2026-09-17,EXE,88.29
2026-09-17,ENTG,133.4175
2026-09-17,MTSI,266.195
2026-09-17,DINO,114.2
2026-09-17,STE,207.9575
2026-09-17,CF,133.86
2026-09-17,FTAI,196.82
2026-09-17,AQNB,26.27
2026-09-17,RL,338.15
2026-09-17,SOJD,18.25
2026-09-17,USFD,92.5275
2026-09-17,LUV,40.84
2026-09-17,BBY,94.48
2026-09-17,CRS,398.31
2026-09-17,VTRS,17.155
2026-09-17,GIS,36.625
2026-09-17,NI,40.72
2026-09-17,WES,46.91
2026-09-17,SNA,374.34
2026-09-17,PR,23.045
2026-09-17,SBAC,181.44
2026-09-17,EFX,162.04
2026-09-17,LEN,78.7427
2026-09-17,NTNX,69.82
2026-09-17,WWD,319.21
2026-09-17,BR,165.215
2026-09-17,FIS,36.425
2026-09-17,SSNC,79.825
2026-09-17,U,42.56
2026-09-17,CDW,149.535
2026-09-17,EVRG,80.785
2026-09-17,TSN,52.21
2026-09-17,GEN,30.565
2026-09-17,IP,34.4816
2026-09-17,ZBH,94.97
2026-09-17,NWS,33.39
2026-09-17,FDXF,120.815
2026-09-17,TOST,31.185
2026-09-17,GPC,130.74
2026-09-17,SITM,599.15
2026-09-17,SOJE,16.46
2026-09-17,PAA,25.5
2026-09-17,ITT,199.63
2026-09-17,CHRW,151.94
2026-09-17,TPG,46.86
2026-09-17,ESS,271.79
2026-09-17,DD,129.16
2026-09-17,NDSN,312.87
2026-09-17,EWBC,126.39
2026-09-17,MTZ,215.595
2026-09-17,MEDP,618.9225
2026-09-17,LNT,66.52
2026-09-17,TSCO,32.91
2026-09-17,J,144.19
2026-09-17,CLH,318.7
2026-09-17,NVR,6302.42
2026-09-17,BEN,32.94
2026-09-17,FTV,54.8795
2026-09-17,RVTY,148.415
2026-09-17,SMTC,177.3101
2026-09-17,WCC,337.42
2026-09-17,MKSI,242.42
2026-09-17,IEX,222.27
2026-09-17,LDOS,130.49
2026-09-17,DUKB,20.98
2026-09-17,NWSA,30.215
2026-09-17,ZBRA,343.955
2026-09-17,DT,56.26
2026-09-17,RGA,248.625
2026-09-17,BALL,61.18
2026-09-17,NLY,21.405
2026-09-17,SUN,78.7
2026-09-17,INVH,27.265
2026-09-17,ROL,33.17
2026-09-17,APG,36.91
2026-09-17,RBC,503.72
2026-09-17,OWL,10.185
2026-09-17,CRBG,35.5
2026-09-17,APA,45.095
2026-09-17,LSCC,110.78
2026-09-17,WY,21.755
2026-09-17,JLL,339.89
2026-09-17,AKAM,108.385
2026-09-17,VNOM,43.345
2026-09-17,DOCN,131.18
2026-09-17,CHTR,134.44
2026-09-17,NBIX,150.9
2026-09-17,IONQ,39.88
2026-09-17,ARMK,57.58
2026-09-17,STRL,495.97
2026-09-17,UNM,95.83
2026-09-17,KIM,22.53
2026-09-17,WPC,66.274
2026-09-17,HST,22.015
2026-09-17,SGI,65.42
2026-09-17,LAMR,147.865
2026-09-17,EQH,54.9
2026-09-17,H,158.45
2026-09-17,SOLV,87.64
2026-09-17,BURL,236.66
2026-09-17,WMG,28.145
2026-09-17,BMNR,24.35
2026-09-17,APOS,25.64
2026-09-17,LOGI,101.97
2026-09-17,CG,40.725
2026-09-17,TEM,79.49
2026-09-17,PNFP,95.41
2026-09-17,PFGC,91.4875
2026-09-17,QNT,54.66
2026-09-17,EXEL,57.72
2026-09-17,VLYPN,25.87
2026-09-17,OHI,47.15
2026-09-17,YUMC,41.64
2026-09-17,W,104.11
2026-09-17,DOC,20.63
2026-09-17,SMMT,17.8299
2026-09-17,ARCC,19.7701
2026-09-17,PTC,130.78
2026-09-17,PAG,216.095
2026-09-17,TLN,295.475
2026-09-17,MAA,121.735
2026-09-17,KKRS,15.73
2026-09-17,CACI,638.645
2026-09-17,SUI,115.67
2026-09-17,TRU,73.435
2026-09-17,TXT,81.5
2026-09-17,LECO,256.38
2026-09-17,AIZ,282.94
2026-09-17,TYL,340.625
2026-09-17,SLMBP,74.1
2026-09-17,VLYPP,25.06
2026-09-17,VLYPO,24.785
2026-09-17,SWK,89.96
2026-09-17,MKC,50.34
2026-09-17,ALB,114.35
2026-09-17,MAS,68.425
2026-09-17,BWXT,147.21
2026-09-17,CRL,281.655
2026-09-17,CET,55.5
2026-09-17,IVZ,30.3821
2026-09-17,TRMB,57.28
2026-09-17,REG,72.87
2026-09-17,MLI,60.305
2026-09-17,BBIO,68.155
2026-09-17,COKE,200.0
2026-09-17,GL,173.21
2026-09-17,SWKS,88.415
2026-09-17,DOCU,70.17
2026-09-17,SJM,122.75
2026-09-17,FIVE,237.67
2026-09-17,BWA,64.2
2026-09-17,AVY,172.0525
2026-09-17,ALLE,153.085
2026-09-17,CNA,47.9
2026-09-17,AUR,6.4537
2026-09-17,IESC,323.985
2026-09-17,HL,19.09
2026-09-17,ULS,63.34
2026-09-17,RPM,100.05
2026-09-17,DTM,124.55
2026-09-17,BMRN,65.54
2026-09-17,CSL,318.26
2026-09-17,WSO,305.91
2026-09-17,PEN,318.24
2026-09-17,HAS,88.85
2026-09-17,SREA,19.75
2026-09-17,SEIC,104.18
2026-09-17,AA,47.33
2026-09-17,AHR,53.355
2026-09-17,TOL,134.99
2026-09-17,LII,359.3825
2026-09-17,HALO,109.07
2026-09-17,ALLY,40.64
2026-09-17,GDDY,97.43
2026-09-17,TME,7.83
2026-09-17,DVA,193.085
2026-09-17,UHAL,63.365
2026-09-17,GGG,76.05
2026-09-17,ONTO,250.305
2026-09-17,MDGL,531.57
2026-09-17,FIG,23.015
2026-09-17,CORT,113.215
2026-09-17,MANH,209.64
2026-09-17,EHC,123.86
2026-09-17,TTMI,115.535
2026-09-17,NXT,80.18
2026-09-17,CSGP,30.0
2026-09-17,GNRC,205.725
2026-09-17,CCK,111.46
2026-09-17,QXO,11.645
2026-09-17,IT,190.38
2026-09-17,BAX,23.235
2026-09-17,CHYM,31.59
2026-09-17,ELS,61.32
2026-09-17,AMKR,47.88
2026-09-17,PSKY,10.585
2026-09-17,FROG,96.26
2026-09-17,AFG,143.02
2026-09-17,GWRE,144.48
2026-09-17,AGNC,9.9692
2026-09-17,WTS,353.66
2026-09-17,DKNG,23.695
2026-09-17,FNF,43.86
2026-09-17,BJ,92.93
2026-09-17,HUBS,235.365
2026-09-17,BTSG,59.245
2026-09-17,SAIL,20.445
2026-09-17,WTRG,41.08
2026-09-17,GLPI,40.035
2026-09-17,AIT,315.985
2026-09-17,PNW,95.375
2026-09-17,ELAN,22.96
2026-09-17,NYT,71.345
2026-09-17,CR,198.09
2026-09-17,HRL,20.775
2026-09-17,TECH,72.37
2026-09-17,HUT,91.985
2026-09-17,SF,74.87
2026-09-17,FHN,23.815
2026-09-17,AMH,31.395
2026-09-17,ERIE,243.72
2026-09-17,FPS,36.965
2026-09-17,GME,22.26
2026-09-17,BEPC,29.73
2026-09-17,AXSM,212.505
2026-09-17,RTO,22.035
2026-09-17,TXRH,169.015
2026-09-17,UDR,34.415
2026-09-17,DKS,124.27
2026-09-17,ARW,216.88
2026-09-17,JKHY,157.165
2026-09-17,HII,279.305
2026-09-17,KNX,67.56
2026-09-17,AR,35.74
2026-09-17,SCI,80.11
2026-09-17,MOH,208.315
2026-09-17,AVTR,15.9
2026-09-17,UHS,181.96
2026-09-17,GSAT,82.7
2026-09-17,TWST,161.45
2026-09-17,DECK,78.445
2026-09-17,EGP,198.63
2026-09-17,ALGN,149.525
2026-09-17,AES,14.84
2026-09-17,SANM,197.535
2026-09-17,DAR,66.865
2026-09-17,PINS,18.59
2026-09-17,CART,45.125
2026-09-17,OSCR,33.805
2026-09-17,TXG,79.27
2026-09-17,BPOP,161.88
2026-09-17,LFUS,406.11
2026-09-17,QRVO,116.758
2026-09-17,AEIS,256.3733
2026-09-17,RYAN,40.06
2026-09-17,CGNX,60.85
2026-09-17,PAYC,227.01
2026-09-17,ENSG,175.345
2026-09-17,UMBF,134.48
2026-09-17,BXP,63.86
2026-09-17,CPT,101.225
2026-09-17,BIO,380.595
2026-09-17,CLX,84.0
2026-09-17,KRYS,342.25
2026-09-17,EVR,263.0925
2026-09-17,DDS,647.37
2026-09-17,VSAT,73.35
2026-09-17,OC,127.74
2026-09-17,KYMR,121.33
2026-09-17,SSB,103.91
2026-09-17,SNAP,5.955
2026-09-17,COO,52.905
2026-09-17,AM,21.185
2026-09-17,GMED,74.895
2026-09-17,MTCH,43.75
2026-09-17,WTFC,148.55
2026-09-17,DCI,86.42
2026-09-17,MGM,38.72
2026-09-17,ALSN,120.62
2026-09-17,DPZ,300.73
2026-09-17,MOD,187.06
2026-09-17,RRX,148.625
2026-09-17,CFR,159.015
2026-09-17,ORI,40.76
2026-09-17,VICR,212.945
2026-09-17,CYTK,70.41
2026-09-17,FDS,274.79
2026-09-17,GKOS,165.16
2026-09-17,ONB,25.39
2026-09-17,FRT,111.525
2026-09-17,ARE,55.585
2026-09-17,PODD,139.41
2026-09-17,MSGS,399.58
2026-09-17,ZION,65.62
2026-09-17,FCFS,220.415
2026-09-17,WMS,126.61
2026-09-17,ARWR,67.56
2026-09-17,SIRI,28.29
2026-09-17,OGE,46.11
2026-09-17,MUSA,517.93
2026-09-17,ONBPP,24.869
2026-09-17,BRKR,62.36
2026-09-17,ONBPO,24.77
2026-09-17,BAH,78.715
2026-09-17,HSIC,84.46
2026-09-17,PTGX,145.11
2026-09-17,SOLS,58.91
2026-09-17,LTH,41.81
2026-09-17,BSY,30.895
2026-09-17,SATA,99.985
2026-09-17,ESTC,88.77
2026-09-17,EMP,19.9589
2026-09-17,FLS,73.03
2026-09-17,TTEK,36.175
2026-09-17,SAIA,347.105
2026-09-17,RMBS,85.26
2026-09-17,R,240.04
2026-09-17,JEF,47.49
2026-09-17,VMI,475.67
2026-09-17,EAI,19.615
2026-09-17,IBRX,8.625
2026-09-17,RRC,39.065
2026-09-17,HLI,130.535
2026-09-17,PCVX,61.29
2026-09-17,JXN,134.26
2026-09-17,LLYVK,98.61
2026-09-17,NIO,3.61
2026-09-17,ENJ,19.375
2026-09-17,SPXC,180.32
2026-09-17,VOYA,99.62
2026-09-17,AMG,348.63
2026-09-17,WLK,70.5
2026-09-17,CTRE,38.125
2026-09-17,CUBE,39.89
2026-09-17,SM,37.75
2026-09-17,PBF,75.745
2026-09-17,PRI,291.49
2026-09-17,KTOS,47.77
2026-09-17,OSK,144.81
2026-09-17,AYI,297.35
2026-09-17,VIRT,56.99
2026-09-17,KNTK,54.39
2026-09-17,MP,49.4
2026-09-17,LLYVA,95.42
2026-09-17,MHK,129.41
2026-09-17,TTC,92.45
2026-09-17,WYNN,84.91
2026-09-17,PRAX,312.69
2026-09-17,FORM,111.68
2026-09-17,VIAV,35.325
2026-09-17,GLXY,22.25
2026-09-17,TGTX,56.73
2026-09-17,EAT,207.735
2026-09-17,DY,286.815
2026-09-17,RGEN,176.155
2026-09-17,REXR,38.6
2026-09-17,LINE,37.74
2026-09-17,BRX,27.995
2026-09-17,AAL,12.975
2026-09-17,WAL,78.635
2026-09-17,DBX,37.61
2026-09-17,ADC,68.16
2026-09-17,COLB,29.96
2026-09-17,IDCC,328.3424
2026-09-17,CHWY,21.08
2026-09-17,CAI,29.91
2026-09-17,PB,70.32
2026-09-17,AGCO,120.33
2026-09-17,RHP,121.57
2026-09-17,S,24.005
2026-09-17,KMX,58.84
2026-09-17,SYRE,94.675
2026-09-17,AVAV,164.0079
2026-09-17,AAOI,98.071
2026-09-17,LNC,43.39
2026-09-17,GTLB,49.69
2026-09-17,TKR,118.83
2026-09-17,FR,62.11
2026-09-17,CBSH,57.35
2026-09-17,UGI,38.25
2026-09-17,NEU,890.93
2026-09-17,KNSL,359.445
2026-09-17,CNM,42.675
2026-09-17,MOS,25.54
2026-09-17,WULF,16.2225
2026-09-17,ACM,62.62
2026-09-17,BOKF,132.55
2026-09-17,SNEX,66.715
2026-09-17,NNN,41.855
2026-09-17,THG,230.62
2026-09-17,CHRD,146.73
2026-09-17,RIOT,21.285
2026-09-17,ATR,125.62
2026-09-17,ESI,32.765
2026-09-17,PCOR,52.26
2026-09-17,SFD,19.99
2026-09-17,APPF,221.6
2026-09-17,PCTY,147.69
2026-09-17,HQY,94.7
2026-09-17,COMP,10.325
2026-09-17,AVT,95.25
2026-09-17,TPGXL,21.38
2026-09-17,ZETA,30.9
2026-09-17,AUGO,92.56
2026-09-17,IMVT,37.53
2026-09-17,HNGE,95.9
2026-09-17,AOS,56.91
2026-09-17,IDA,133.545
2026-09-17,PRMB,21.29
2026-09-17,IONS,46.385
2026-09-17,NFG,80.595
2026-09-17,PRH,21.734
2026-09-17,LEVI,19.8334
2026-09-17,EMN,66.52
2026-09-17,MORN,202.645
2026-09-17,ZWS,45.72
2026-09-17,SARO,22.845
2026-09-17,FAF,73.83
2026-09-17,VLY,13.61
2026-09-17,CBC,31.385
2026-09-17,LAD,340.655
2026-09-17,CMC,67.505
2026-09-17,APLD,25.448
2026-09-17,RAL,66.96
2026-09-17,SLAB,219.85
2026-09-17,CLF,12.84
2026-09-17,NOV,20.45
2026-09-17,CAG,15.185
2026-09-17,KEX,138.05
2026-09-17,PRS,20.6581
2026-09-17,GAP,20.565
2026-09-17,PATH,13.8596
2026-09-17,GJS,23.12
2026-09-17,TRNO,66.19
2026-09-17,BROS,41.175
2026-09-17,NTSK,17.535
2026-09-17,STAG,37.15
2026-09-17,CELH,28.28
2026-09-17,ACA,145.58
2026-09-17,MTDR,57.69
2026-09-17,MATX,238.54
2026-09-17,NE,44.66
2026-09-17,FLR,53.255
2026-09-17,ZG,31.67
2026-09-17,PPC,29.88
2026-09-17,AXTA,33.23
2026-09-17,CIFR,17.12
2026-09-17,OKLO,38.1
2026-09-17,SSD,172.82
2026-09-17,LUMN,6.805
2026-09-17,OMF,60.945
2026-09-17,FSS,114.64
2026-09-17,Z,30.9746
2026-09-17,MSA,179.755
2026-09-17,RYTM,100.71
2026-09-17,BLTE,171.98
2026-09-17,MGY,25.755
2026-09-17,DUOL,146.38
2026-09-17,MSM,122.36
2026-09-17,PACS,42.945
2026-09-17,MXL,74.97
2026-09-17,HXL,89.7
2026-09-17,TTD,14.38
2026-09-17,ACT,49.1
2026-09-17,TEX,59.04
2026-09-17,CGON,75.82
2026-09-17,AWI,158.79
2026-09-17,NCLH,14.6
2026-09-17,ESE,258.225
2026-09-17,ETSY,72.72
2026-09-17,WEX,195.465
2026-09-17,HIMS,28.54
2026-09-17,QBTS,17.465
2026-09-17,POWL,181.59
2026-09-17,CHE,506.18
2026-09-17,PLXS,247.55
2026-09-17,LNTH,100.98
2026-09-17,URBN,76.68
2026-09-17,SFM,70.235
2026-09-17,AN,198.05
2026-09-17,AMRX,18.77
2026-09-17,XE,16.06
2026-09-17,VNO,34.74
2026-09-17,LW,47.18
2026-09-17,VCTR,104.99
2026-09-17,RUSHB,55.32
2026-09-17,TXNM,58.465
2026-09-17,UBSI,47.225
2026-09-17,MAC,22.655
2026-09-17,AAON,77.71
2026-09-17,MIRM,98.64
2026-09-17,GATX,180.94
2026-09-17,CPB,21.375
2026-09-17,ORKA,96.26
2026-09-17,BLDR,59.09
2026-09-17,ALGM,34.065
2026-09-17,HR,18.475
2026-09-17,LQDA,70.69
2026-09-17,FNB,17.895
2026-09-17,QLYS,182.595
2026-09-17,SWX,87.145
2026-09-17,ENS,174.73
2026-09-17,INGR,99.25
2026-09-17,PJT,151.415
2026-09-17,INGM,26.84
2026-09-17,CMSC,20.68
2026-09-17,KNSA,79.31
2026-09-17,JOBY,6.22
2026-09-17,RNG,74.005
2026-09-17,MMED,21.88
2026-09-17,VSXY,76.9299
2026-09-17,ACI,12.64
2026-09-17,LEA,124.215
2026-09-17,CVLT,147.71
2026-09-17,CMSD,20.43
2026-09-17,TVTX,64.855
2026-09-17,CACC,588.535
2026-09-17,NPO,288.01
2026-09-17,MTG,29.69
2026-09-17,POOL,167.35
2026-09-17,PL,16.71
2026-09-17,EPAM,117.68
2026-09-17,CRUS,120.665
2026-09-17,RDNT,76.83
2026-09-17,CZR,29.645
2026-09-17,LOAR,64.03
2026-09-17,KGS,59.3025
2026-09-17,HWC,74.645
2026-09-17,ORA,97.36
2026-09-17,LGN,55.34
2026-09-17,RSI,25.77
2026-09-17,CAVA,51.09
2026-09-17,ANF,140.48
2026-09-17,SRRK,48.91
2026-09-17,HOMB,29.77
2026-09-17,RYN,19.99
2026-09-17,WFRD,82.98
2026-09-17,CROX,123.19
2026-09-17,MBGL,19.98
2026-09-17,GBCI,44.99
2026-09-17,LKQ,23.11
2026-09-17,PEGA,35.545
2026-09-17,CGABL,16.15
2026-09-17,CMSA,19.46
2026-09-17,STEP,48.2375
2026-09-17,COGT,33.54
2026-09-17,RUSHA,49.85
2026-09-17,USAR,15.465
2026-09-17,LYFT,15.295
2026-09-17,SNDR,32.95
2026-09-17,NAVN,22.17
2026-09-17,VAL,83.105
2026-09-17,LSTR,169.94
2026-09-17,CHDN,82.665
2026-09-17,EPRT,26.6
2026-09-17,ECG,112.645
2026-09-17,MKTX,163.41
2026-09-17,DNTH,102.81
2026-09-17,JBTM,110.61
2026-09-17,CWST,89.815
2026-09-17,XMTR,99.16
2026-09-17,BGC,11.955
2026-09-17,PTCT,67.85
2026-09-17,M,21.67
2026-09-17,POR,48.05
2026-09-17,ERAS,16.15
2026-09-17,ASB,29.805
2026-09-17,RRR,53.54
2026-09-17,HRB,45.55
2026-09-17,SAIC,133.905
2026-09-17,LGND,281.39
2026-09-17,OBDC,11.37
2026-09-17,MCY,101.04
2026-09-17,ABCB,83.345
2026-09-17,STWD,15.07
2026-09-17,PI,182.56
2026-09-17,AUB,39.05
2026-09-17,CORZ,17.34
2026-09-17,FTDR,80.14
2026-09-17,SHC,19.315
2026-09-17,RLI,59.96
2026-09-17,AROC,31.36
2026-09-17,INSW,110.96
2026-09-17,PAGP,27.76
2026-09-17,EXP,179.06
2026-09-17,VRNS,47.75
2026-09-17,BYD,75.475
2026-09-17,TTAN,56.755
2026-09-17,YOU,40.435
2026-09-17,SXT,128.43
2026-09-17,PFH,15.31
2026-09-17,OZK,48.26
2026-09-17,ROAD,95.0
2026-09-17,NJR,53.67
2026-09-17,BKH,71.19
2026-09-17,ELF,91.9
2026-09-17,MUR,37.805
2026-09-17,WHD,67.56
2026-09-17,DLB,57.76
2026-09-17,CVI,53.7325
2026-09-17,EXLS,35.545
2026-09-17,GXO,46.96
2026-09-17,AGX,383.67
2026-09-17,MAIN,57.54
2026-09-17,BCPC,168.08
2026-09-17,IBP,201.585
2026-09-17,TFX,126.3
2026-09-17,SPHR,148.73
2026-09-17,MTRN,255.97
2026-09-17,RITM,9.525
2026-09-17,CORZZ,16.54
2026-09-17,DFTX,39.47
2026-09-17,NIQ,17.965
2026-09-17,MRCY,87.865
2026-09-17,RGTI,15.775
2026-09-17,FLG,12.665
2026-09-17,SIGI,88.18
2026-09-17,AX,91.725
2026-09-17,MWH,25.71
2026-09-17,NOVT,137.36
2026-09-17,CLMT,59.065
2026-09-17,PSMT,168.0
2026-09-17,SEI,67.665
2026-09-17,CNO,55.95
2026-09-17,EWTX,47.65
2026-09-17,WAY,26.935
2026-09-17,ACIW,51.11
2026-09-17,SBRA,20.165
2026-09-17,HESM,40.11
2026-09-17,VSNT,36.99
2026-09-17,ADT,7.025
2026-09-17,VSEC,182.465
2026-09-17,KRG,25.56
2026-09-17,MMSI,85.63
2026-09-17,CE,46.55
2026-09-17,BLLN,107.97
2026-09-17,WH,68.55
2026-09-17,PIPR,71.61
2026-09-17,VFC,12.865
2026-09-17,MIDD,111.51
2026-09-17,GVA,115.05
2026-09-17,NXST,163.31
2026-09-17,IRDM,47.36
2026-09-17,CWEN,30.6
2026-09-17,VSH,32.66
2026-09-17,OTF,10.915
2026-09-17,CNX,33.765
2026-09-17,FND,46.86
2026-09-17,PSN,46.695
2026-09-17,OUT,28.24
2026-09-17,LAUR,36.1
2026-09-17,OCTV,18.495
2026-09-17,WTM,2079.12
2026-09-17,LFST,12.955
2026-09-17,HAE,108.785
2026-09-17,AMTM,20.24
2026-09-17,GBTG,9.47
2026-09-17,EBC,21.63
2026-09-17,IEP,6.95
2026-09-17,MTN,138.4
2026-09-17,PBLS,40.34
2026-09-17,IOVA,10.845
2026-09-17,BETA,20.96
2026-09-17,HCC,92.73
2026-09-17,DK,79.83
2026-09-17,HLNE,88.67
2026-09-17,CAKE,97.73
2026-09-17,PECO,37.67
2026-09-17,KRMN,36.55
2026-09-17,NSIT,164.7
2026-09-17,GOLF,82.6
2026-09-17,CRC,54.27
2026-09-17,HRI,144.17
2026-09-17,OGS,76.54
2026-09-17,SON,48.6
2026-09-17,GHC,1128.56
2026-09-17,BOX,34.815
2026-09-17,ACAD,27.7
2026-09-17,FBIN,39.96
2026-09-17,FRVO,16.18
2026-09-17,UNF,263.64
2026-09-17,FFIN,33.18
2026-09-17,HGTY,13.83
2026-09-17,ENPH,35.915
2026-09-17,MRP,28.57
2026-09-17,SR,80.25
2026-09-17,REYN,22.5
2026-09-17,SKY,87.14
2026-09-17,TFSL,16.845
2026-09-17,SLM,25.13
2026-09-17,GNTX,22.395
2026-09-17,HASI,36.69
2026-09-17,CRGY,14.255
2026-09-17,CSW,287.125
2026-09-17,MC,59.67
2026-09-17,RELY,22.05
2026-09-17,AIR,115.85
2026-09-17,DAVE,365.0
2026-09-17,RDN,35.12
2026-09-17,CNR,93.5
2026-09-17,CON,36.35
2026-09-17,CUZ,28.13
2026-09-17,ACMR,66.42
2026-09-17,DOCS,25.93
2026-09-17,KBR,36.61
2026-09-17,LPX,65.95
2026-09-17,PTEN,12.085
2026-09-17,OII,46.17
2026-09-17,PAY,36.42
2026-09-17,EQPT,18.05
2026-09-17,DHCNL,18.8834
2026-09-17,NNI,127.25
2026-09-17,CHEF,111.35
2026-09-17,HCXY,24.98
2026-09-17,KVYO,15.895
2026-09-17,ALK,40.47
2026-09-17,ADPT,28.25
2026-09-17,SFBS,41.135
2026-09-17,UFPI,81.23
2026-09-17,TPC,85.195
2026-09-17,FULT,23.445
2026-09-17,BWIN,32.02
2026-09-17,TREX,43.795
2026-09-17,ENO,20.83
2026-09-17,BCO,108.06
2026-09-17,CHH,98.31
2026-09-17,OLLI,74.74
2026-09-17,BC,68.405
2026-09-17,ENVA,178.0
2026-09-17,DHCNI,18.34
2026-09-17,BDC,112.96
2026-09-17,TDW,88.59
2026-09-17,IBOC,70.74
2026-09-17,EPR,56.87
2026-09-17,AXTI,66.2599
2026-09-17,OXLCM,25.0
2026-09-17,MARA,11.205
2026-09-17,VNT,31.96
2026-09-17,OXLCZ,24.87
2026-09-17,RUM,8.705
2026-09-17,ALH,21.69
2026-09-17,CVSA,126.34
2026-09-17,RLAY,19.62
2026-09-17,ITGR,126.31
2026-09-17,AMLX,34.205
2026-09-17,HTFL,49.25
2026-09-17,GFF,94.48
2026-09-17,MYRG,274.635
2026-09-17,DIOD,92.67
2026-09-17,OXLCN,24.58
2026-09-17,NWE,69.32
2026-09-17,FELE,96.045
2026-09-17,MTH,65.045
2026-09-17,TDS,36.83
2026-09-17,FHI,56.76
2026-09-17,PARR,84.54
2026-09-17,CELC,86.39
2026-09-17,OPLN,34.595
2026-09-17,EE,37.22
2026-09-17,CVCO,547.79
2026-09-17,REGCP,23.0
2026-09-17,ONDS,7.3601
2026-09-17,BILL,49.26
2026-09-17,HP,42.02
2026-09-17,CECO,71.67
2026-09-17,UCB,34.79
2026-09-17,OXLCL,24.16
2026-09-17,ELC,19.65
2026-09-17,GEO,31.78
2026-09-17,BFH,108.81
2026-09-17,BULL,7.7175
2026-09-17,ACHR,5.3507
2026-09-17,KFY,76.165
2026-09-17,COLD,14.54
2026-09-17,TCBI,95.3
2026-09-17,CATY,62.06
2026-09-17,TNGX,24.53
2026-09-17,SEB,4310.4175
2026-09-17,ESAB,66.385
2026-09-17,TENB,37.4675
2026-09-17,SKT,35.88
2026-09-17,AQN,5.33
2026-09-17,OXLCO,23.5962
2026-09-17,CAR,115.79
2026-09-17,PRIM,75.885
2026-09-17,FSLY,25.5
2026-09-17,WSFS,79.45
2026-09-17,CBT,78.52
2026-09-17,SLGN,38.23
2026-09-17,CENX,40.81
2026-09-17,KRC,34.62
2026-09-17,CVBF,22.81
2026-09-17,ITRI,91.675
2026-09-17,LILAP,20.48
2026-09-17,DTW,19.24
2026-09-17,WK,73.56
2026-09-17,CNK,34.395
2026-09-17,LOPE,152.825
2026-09-17,AZZ,132.505
2026-09-17,FCN,144.05
2026-09-17,REGCO,21.67
2026-09-17,BRC,84.21
2026-09-17,TNL,64.5
2026-09-17,MIR,15.79
2026-09-17,CDP,34.62
2026-09-17,SEZL,116.52
2026-09-17,MDU,18.635
2026-09-17,INDB,82.44
2026-09-17,ICUI,154.725
2026-09-17,GEF,83.77
2026-09-17,SITE,88.48
2026-09-17,CRK,13.14
2026-09-17,GNW,10.205
2026-09-17,NVST,23.9
2026-09-17,USAC,26.4
2026-09-17,LMND,49.36
2026-09-17,PLNT,50.73
2026-09-17,IOND,84.64
2026-09-17,AVNT,41.39
2026-09-17,MSGE,80.24
2026-09-17,CCC,6.435
2026-09-17,SKYW,97.6
2026-09-17,IDYA,39.27
2026-09-17,WSBC,39.5
2026-09-17,SMR,8.805
2026-09-17,PLSE,52.975
2026-09-17,RHI,36.91
2026-09-17,MIAX,37.97
2026-09-17,MAT,13.175
2026-09-17,OTTR,89.14
2026-09-17,ASBA,24.8
2026-09-17,ELVN,51.0425
2026-09-17,TARS,79.4916
2026-09-17,BNL,19.37
2026-09-17,IRTC,112.38
2026-09-17,HHH,62.02
2026-09-17,RNST,40.52
2026-09-17,CNS,71.99
2026-09-17,BMI,127.68
2026-09-17,DORM,124.06
2026-09-17,UNMA,21.615
2026-09-17,BANF,109.44
2026-09-17,APLE,15.575
2026-09-17,BOOT,121.319
2026-09-17,JOE,64.345
2026-09-17,QTWO,58.67
2026-09-17,SLG,51.61
2026-09-17,PLMR,138.64
2026-09-17,SYNA,91.78
2026-09-17,FLY,21.76
2026-09-17,THO,69.665
2026-09-17,KTB,66.33
2026-09-17,BATRA,56.45
2026-09-17,MGNI,25.236
2026-09-17,ATMU,44.225
2026-09-17,MHO,142.29
2026-09-17,OPCH,24.0
2026-09-17,OGN,13.675
2026-09-17,FA,20.895
2026-09-17,CRVL,71.03
2026-09-17,LXP,60.82
2026-09-17,IRT,15.145
2026-09-17,IPAR,111.35
2026-09-17,ABG,198.54
2026-09-17,FIBK,37.18
2026-09-17,VAC,102.92
2026-09-17,CII,23.795
2026-09-17,VKTX,30.335
2026-09-17,NIC,168.52
2026-09-17,GPGI,12.145
2026-09-17,NHC,224.78
2026-09-17,OLED,76.51
2026-09-17,PDI,14.46
2026-09-17,GRAL,78.52
2026-09-17,CXW,35.42
2026-09-17,CALM,74.6
2026-09-17,PTRN,19.6778
2026-09-17,VVV,27.21
2026-09-17,BELFB,240.1
2026-09-17,PFSI,66.68
2026-09-17,LEGN,17.8
2026-09-17,AWR,86.62
2026-09-17,CORZW,10.66
2026-09-17,MWA,21.8846
2026-09-17,LUNR,14.915
2026-09-17,LRN,82.145
2026-09-17,POST,77.45
2026-09-17,NATL,46.015
2026-09-17,NHI,69.18
2026-09-17,MCHB,15.415
2026-09-17,FULTP,17.7801
2026-09-17,HIW,30.77
2026-09-17,WT,22.4
2026-09-17,BBWI,16.82
2026-09-17,FFBC,32.26
2026-09-17,DTG,16.25
2026-09-17,PVH,73.28
2026-09-17,BTU,27.71
2026-09-17,CLSK,13.065
2026-09-17,COCO,57.145
2026-09-17,AB,36.0
2026-09-17,HNI,46.4
2026-09-17,USLM,116.6225
2026-09-17,DAN,31.075
2026-09-17,HTGC,17.83
2026-09-17,FRSH,12.77
2026-09-17,ARLP,25.87
2026-09-17,LIF,40.83
2026-09-17,DYN,17.81
2026-09-17,IPGP,78.045
2026-09-17,PRK,183.665
2026-09-17,WSC,18.305
2026-09-17,NTRSO,18.11
2026-09-17,CURB,28.755
2026-09-17,SFNC,22.875
2026-09-17,GBDC,12.715
2026-09-17,FOUR,41.77
2026-09-17,DTB,15.8482
2026-09-17,CBU,62.6
2026-09-17,ACLS,106.47
2026-09-17,BATRK,51.16
2026-09-17,BFAM,67.46
2026-09-17,SBCF,33.82
2026-09-17,DNLI,20.47
2026-09-17,AD,37.575
2026-09-17,NMIH,43.21
2026-09-17,FSK,11.755
2026-09-17,EXPO,68.32
2026-09-17,ASH,70.88
2026-09-17,RCUS,25.49
2026-09-17,CSQ,20.42
2026-09-17,QS,5.22
2026-09-17,OSIS,202.7
2026-09-17,GPI,271.02
2026-09-17,NESR,31.95
2026-09-17,VCYT,40.04
2026-09-17,ATKR,94.515
2026-09-17,PII,56.085
2026-09-17,RXO,19.3
2026-09-17,SMG,54.5869
2026-09-17,BKU,44.52
2026-09-17,SXI,258.05
2026-09-17,CLDX,40.24
2026-09-17,CPK,130.97
2026-09-17,KAI,266.87
2026-09-17,BSM,14.81
2026-09-17,FRMI,4.915
2026-09-17,TNET,68.41
2026-09-17,LBRT,19.23
2026-09-17,FHB,25.725
2026-09-17,ASO,50.77
2026-09-17,FGN,24.73
2026-09-17,KNF,54.9
2026-09-17,ARQT,24.79
2026-09-17,RWTN,24.08
2026-09-17,AVAH,14.245
2026-09-17,GENVR,5.19
2026-09-17,MBX,64.5
2026-09-17,NAN,10.24
2026-09-17,FG,23.58
2026-09-17,CARG,34.62
2026-09-17,AVA,36.78
2026-09-17,UCTT,67.97
2026-09-17,SHOO,41.92
2026-09-17,DX,12.315
2026-09-17,WGS,102.37
2026-09-17,KN,35.735
2026-09-17,DKL,56.965
2026-09-17,PK,15.045
2026-09-17,PFS,23.13
2026-09-17,LFTO,17.78
2026-09-17,TMDX,86.76
2026-09-17,KBH,49.05
2026-09-17,RWTO,23.26
2026-09-17,FRPT,62.51
2026-09-17,PLUG,2.1486
2026-09-17,MMS,57.32
2026-09-17,PURR,12.6102
2026-09-17,YETI,41.065
2026-09-17,ATRC,58.7
2026-09-17,DBRG,15.89
2026-09-17,FIZZ,31.82
2026-09-17,SLDE,25.43
2026-09-17,NFEGP,519.84
2026-09-17,GRDN,46.825
2026-09-17,CBZ,54.65
2026-09-17,SLNHP,12.0
2026-09-17,APAM,36.5
2026-09-17,BOH,74.76
2026-09-17,WRBY,23.86
2026-09-17,EXTR,22.59
2026-09-17,CWT,47.65
2026-09-17,CWK,12.545
2026-09-17,ABM,49.935
2026-09-17,ARCB,130.69
2026-09-17,BANC,18.46
2026-09-17,SOUN,6.058
2026-09-17,AGYS,103.28
2026-09-17,COLM,56.82
2026-09-17,WOR,59.44
2026-09-17,AEHR,88.87
2026-09-17,NVTS,11.085
2026-09-17,GRBK,67.26
2026-09-17,SPSC,80.32
2026-09-17,RDW,11.5614
2026-09-17,GPK,9.76
2026-09-17,DXPE,186.01
2026-09-17,AMBA,65.3
2026-09-17,AVPT,13.58
2026-09-17,REZI,18.92
2026-09-17,HGV,36.935
2026-09-17,GPOR,162.07
2026-09-17,NTCT,39.35
2026-09-17,TALO,17.12
2026-09-17,DNOW,15.795
2026-09-17,MGEE,75.425
2026-09-17,TR,37.955
2026-09-17,KD,13.075
2026-09-17,LEU,144.28
2026-09-17,WTTR,20.5
2026-09-17,WING,104.2
2026-09-17,CHRN,19.45
2026-09-17,BRZE,24.83
2026-09-17,BHF,49.01
2026-09-17,BELFA,194.91
2026-09-17,CDNA,54.39
2026-09-17,UNFI,46.55
2026-09-17,NEOG,12.8662
2026-09-17,ADEA,25.44
2026-09-17,POWWP,24.14
2026-09-17,PPLI,37.54
2026-09-17,BKD,11.695
2026-09-17,PGEN,7.795
2026-09-17,ATRO,64.875
2026-09-17,FTAIM,27.155
2026-09-17,IMNM,24.48
2026-09-17,INTA,36.3
2026-09-17,MZTI,101.745
2026-09-17,TOWN,37.2
2026-09-17,POWI,49.56
2026-09-17,FUL,51.155
2026-09-17,HAYW,12.965
2026-09-17,TDC,29.49
2026-09-17,HOG,26.29
2026-09-17,AXGN,46.6275
2026-09-17,TRMK,46.93
2026-09-17,CXT,47.3375
2026-09-17,MGRC,111.52
2026-09-17,NRIX,26.235
2026-09-17,ALRM,55.2
2026-09-17,DGII,71.315
2026-09-17,FBK,54.08
2026-09-17,APPN,37.715
2026-09-17,KWR,156.75
2026-09-17,BHE,75.01
2026-09-17,NMFCZ,25.33
2026-09-17,IRON,69.97
2026-09-17,NOG,25.21
2026-09-17,NBTB,51.69
2026-09-17,MAN,57.75
2026-09-17,ACHC,28.73
2026-09-17,CALY,14.945
2026-09-17,AKR,19.39
2026-09-17,ASST,28.465
2026-09-17,PENG,51.72
2026-09-17,CUBI,78.29
2026-09-17,ZIONP,18.083
2026-09-17,HTO,62.83
2026-09-17,VC,98.305
2026-09-17,GDV,29.06
2026-09-17,BEAM,25.34
2026-09-17,GCMG,12.89
2026-09-17,CHTRP,22.8
2026-09-17,BANR,71.19
2026-09-17,BCC,74.74
2026-09-17,FBNC,62.85
2026-09-17,BBT,31.02
2026-09-17,PRVA,20.32
2026-09-17,MLYS,29.32
2026-09-17,EMAT,4.16
2026-09-17,MFAN,25.18
2026-09-17,FIVN,34.57
2026-09-17,MFAO,25.16
2026-09-17,FRME,41.12
2026-09-17,BRVE,28.565
2026-09-17,VECO,42.005
2026-09-17,HWKN,122.94
2026-09-17,NMRK,14.15
2026-09-17,COHU,54.05
2026-09-17,KALU,156.43
2026-09-17,OUST,35.45
2026-09-17,EEFT,68.28
2026-09-17,CENT,40.73
2026-09-17,OPEN,2.625
2026-09-17,TTAM,13.81
2026-09-17,WDFC,189.635
2026-09-17,NN,15.04
2026-09-17,AAP,42.0
2026-09-17,DRH,12.385
2026-09-17,UE,20.07
2026-09-17,BKV,23.093
2026-09-17,FCPT,23.0
2026-09-17,SKWD,56.74
2026-09-17,DCO,166.77
2026-09-17,GPCR,35.1605
2026-09-17,CLOV,4.72
2026-09-17,NEO,19.51
2026-09-17,BUSE,30.32
2026-09-17,ARR,14.98
2026-09-17,LPG,58.5
2026-09-17,AEO,14.92
2026-09-17,VRDN,22.05
2026-09-17,SUPN,42.945
2026-09-17,VERA,34.61
2026-09-17,WLY,48.98
2026-09-17,HRMY,42.61
2026-09-17,SYBT,79.72
2026-09-17,LIFE,38.81
2026-09-17,WLYB,48.74
2026-09-17,RH,129.66
2026-09-17,ANDE,72.0
2026-09-17,UPST,25.0
2026-09-17,WAFD,32.82
2026-09-17,HURN,152.5
2026-09-17,SHAK,56.68
2026-09-17,IVT,31.08
2026-09-17,AMC,2.715
2026-09-17,NWL,5.685
2026-09-17,AGM,222.8
2026-09-17,DJT,8.6938
2026-09-17,WSBCO,25.1701
2026-09-17,MBIN,52.53
2026-09-17,PAYO,7.12
2026-09-17,VVX,76.755
2026-09-17,PLUS,91.92
2026-09-17,PBI,17.37
2026-09-17,ROG,133.14
2026-09-17,AMR,187.5
2026-09-17,BGR,17.415
2026-09-17,PENN,17.61
2026-09-17,RVMDW,11.0
2026-09-17,NGVT,68.56
2026-09-17,MFICL,25.165
2026-09-17,UNIT,9.625
2026-09-17,NKTR,68.25
2026-09-17,LTC,43.21
2026-09-17,SLS,11.51
2026-09-17,HCI,186.63
2026-09-17,OCUL,10.545
2026-09-17,RAMP,38.0
2026-09-17,ADAMM,25.68
2026-09-17,VOYG,37.11
2026-09-17,KMT,30.07
2026-09-17,SAH,72.49
2026-09-17,IOSP,92.435
2026-09-17,PHIN,62.07
2026-09-17,NCNO,21.505
2026-09-17,LASR,39.39
2026-09-17,RGTIW,6.8
2026-09-17,BXMT,13.45
2026-09-17,NWBI,15.445
2026-09-17,ADAMI,24.92
2026-09-17,TRN,28.32
2026-09-17,GENB,17.5601
2026-09-17,ADAML,25.075
2026-09-17,EFSC,62.07
2026-09-17,COTY,2.55
2026-09-17,PVLA,155.57
2026-09-17,PATK,69.78
2026-09-17,STUB,5.855
2026-09-17,HLIO,67.7
2026-09-17,CALX,35.355
2026-09-17,ALGT,81.28
2026-09-17,MCRI,123.95
2026-09-17,CNXN,87.785
2026-09-17,HTH,38.655
2026-09-17,BCRX,8.65
2026-09-17,TRVI,15.49
2026-09-17,ADAMN,24.53
2026-09-17,PMTU,25.26
2026-09-17,CC,14.63
2026-09-17,CENTA,35.095
2026-09-17,ADUS,117.6
2026-09-17,PBH,46.28
2026-09-17,ASAN,9.575
2026-09-17,SRPT,20.755
2026-09-17,DBD,64.55
2026-09-17,NOVTU,57.8
2026-09-17,VIA,26.81
2026-09-17,FIGS,13.06
2026-09-17,WERN,36.14
2026-09-17,MPT,3.625
2026-09-17,ZBIO,33.21
2026-09-17,FLYW,17.76
2026-09-17,UFPT,278.5
2026-09-17,MTX,69.07
2026-09-17,MD,26.4
2026-09-17,FCF,21.2
2026-09-17,PTON,4.88
2026-09-17,BUSEP,25.9
2026-09-17,NUVB,6.08
2026-09-17,ECPG,100.41
2026-09-17,BFLY,7.98
2026-09-17,INSP,73.39
2026-09-17,WHR,32.49
2026-09-17,ALMR,30.455
2026-09-17,PGNY,27.465
2026-09-17,KOD,33.46
2026-09-17,UAA,4.895
2026-09-17,PRCH,15.93
2026-09-17,LCII,86.35
2026-09-17,DV,13.475
2026-09-17,PRDO,33.15
2026-09-17,BTX,8.7782
2026-09-17,VCEL,40.355
2026-09-17,RUN,8.575
2026-09-17,SRCE,85.735
2026-09-17,SHO,11.085
2026-09-17,GNL,8.885
2026-09-17,UTZ,14.275
2026-09-17,NWN,48.76
2026-09-17,INVX,29.34
2026-09-17,UA,4.77
2026-09-17,BKE,39.74
2026-09-17,ALG,168.1
2026-09-17,NGL,16.39
2026-09-17,TBBK,50.13
2026-09-17,RAPP,42.595
2026-09-17,ZD,59.325
2026-09-17,PRLB,85.0
2026-09-17,WU,6.5172
2026-09-17,PEB,17.98
2026-09-17,PLPC,414.855
2026-09-17,AGIO,33.97
2026-09-17,HUBG,33.13
2026-09-17,CIMN,25.1201
2026-09-17,MFP,44.715
2026-09-17,STC,66.23
2026-09-17,ALKT,18.9
2026-09-17,CHCO,143.74
2026-09-17,TILE,34.82
2026-09-17,SDGR,26.825
2026-09-17,ADMA,8.945
2026-09-17,COAG,42.885
2026-09-17,ATEN,27.56
2026-09-17,BLKB,44.01
2026-09-17,SPB,86.72
2026-09-17,ICHR,53.165
2026-09-17,HYMC,21.335
2026-09-17,DRVN,12.05
2026-09-17,UMBFO,26.17
2026-09-17,VERX,12.25
2026-09-17,TIC,9.105
2026-09-17,UWMC,1.235
2026-09-17,SHAZ,55.3
2026-09-17,FTRE,20.815
2026-09-17,HMN,48.86
2026-09-17,SFB,19.3
2026-09-17,GSHD,55.48
2026-09-17,TH,19.77
2026-09-17,BLBD,62.11
2026-09-17,KYN,14.42
2026-09-17,ALHC,9.455
2026-09-17,BHVN,12.94
2026-09-17,ZYME,27.51
2026-09-17,OLN,17.12
2026-09-17,LIME,29.99
2026-09-17,DHC,8.035
2026-09-17,BRSL,10.505
2026-09-17,EZPW,31.525
2026-09-17,INOD,56.3356
2026-09-17,CTRI,19.17
2026-09-17,XRAY,9.655
2026-09-17,NSP,50.17
2026-09-17,ABXL,25.6595
2026-09-17,QUBT,8.42
2026-09-17,MRVI,7.335
2026-09-17,HOS,8.565
2026-09-17,RVT,17.56
2026-09-17,SNDA,39.36
2026-09-17,CDZIP,22.29
2026-09-17,VIR,11.15
2026-09-17,RXRX,3.5214
2026-09-17,SONO,15.9
2026-09-17,TY,34.6
2026-09-17,GRC,71.2
2026-09-17,SEPN,40.09
2026-09-17,GCT,52.3884
2026-09-17,NEXT,7.025
2026-09-17,GEL,15.275
2026-09-17,KSS,16.44
2026-09-17,GTY,30.075
2026-09-17,FLOC,20.595
2026-09-17,GABC,49.3
2026-09-17,NHPBP,25.39
2026-09-17,LMAT,80.86
2026-09-17,FSUN,39.675
2026-09-17,HAPN,16.01
2026-09-17,PDFS,43.69
2026-09-17,PRGO,13.29
2026-09-17,STOK,28.58
2026-09-17,NTST,18.14
2026-09-17,DXC,11.52
2026-09-17,RBCAA,93.72
2026-09-17,MNR,10.99
2026-09-17,NBHC,41.15
2026-09-17,ASTH,36.935
2026-09-17,VSTS,13.86
2026-09-17,HWCPZ,21.5999
2026-09-17,LIND,27.85
2026-09-17,XNCR,24.56
2026-09-17,WKC,35.66
2026-09-17,SBET,8.365
2026-09-17,STRA,81.55
2026-09-17,WMK,73.1
2026-09-17,EPAC,35.26
2026-09-17,MIY,12.1
2026-09-17,DCOM,40.575
2026-09-17,BLFS,36.59
2026-09-17,NTLA,12.77
2026-09-17,SMA,32.28
2026-09-17,HOPE,13.98
2026-09-17,JSM,17.88
2026-09-17,ACVA,10.465
2026-09-17,LOB,38.39
2026-09-17,SGRY,13.535
2026-09-17,SAM,172.075
2026-09-17,OCFC,18.23
2026-09-17,TRNZ,25.055
2026-09-17,TRNI,25.05
2026-09-17,WTFCN,26.09
2026-09-17,LCID,4.465
2026-09-17,STBA,49.84
2026-09-17,PDO,11.975
2026-09-17,PGY,21.06
2026-09-17,CCS,61.54
2026-09-17,MUJ,11.76
2026-09-17,CNXC,28.645
2026-09-17,PSNL,16.365
2026-09-17,AFGB,21.06
2026-09-17,HE,10.105
2026-09-17,AI,10.855
2026-09-17,OZKAP,15.335
2026-09-17,GLP,50.9371
2026-09-17,DEI,10.295
2026-09-17,TRIN,18.185
2026-09-17,WS,33.8
2026-09-17,IDT,69.19
2026-09-17,CNOB,31.62
2026-09-17,TCBK,53.69
2026-09-17,AESI,13.72
2026-09-17,ANIP,74.69
2026-09-17,AIN,60.31
2026-09-17,AFGD,20.61
2026-09-17,BDJ,9.655
2026-09-17,TSHA,5.24
2026-09-17,LILAK,8.715
2026-09-17,TYRA,24.83
2026-09-17,LILA,8.71
2026-09-17,PRGS,41.54
2026-09-17,JBLU,4.5147
2026-09-17,BY,37.68
2026-09-17,KRP,14.76
2026-09-17,AMPL,13.51
2026-09-17,BFC,151.6
2026-09-17,ADIG,22.135
2026-09-17,KARD,17.915
2026-09-17,NVAX,10.155
2026-09-17,PLAB,28.375
2026-09-17,KLRA,12.91
2026-09-17,HAWK,17.0824
2026-09-17,RLJ,10.98
2026-09-17,RZC,25.59
2026-09-17,ALNT,98.255
2026-09-17,CBL,53.7
2026-09-17,BL,28.565
2026-09-17,ETV,15.146
2026-09-17,QCRH,101.055
2026-09-17,ETON,57.89
2026-09-17,OBK,53.57
2026-09-17,CTS,57.83
2026-09-17,GLOB,38.08
2026-09-17,MQ,15.79
2026-09-17,PRKS,36.13
2026-09-17,FRNM,15.245
2026-09-17,BAND,50.87
2026-09-17,XHR,17.74
2026-09-17,ABSI,9.52
2026-09-17,EFC,12.645
2026-09-17,ANAB,54.995
2026-09-17,HUN,9.245
2026-09-17,CASH,78.035
2026-09-17,MHD,10.89
2026-09-17,ITG,13.045
2026-09-17,BPOPM,25.32
2026-09-17,DSGR,34.88
2026-09-17,PBT,34.48
2026-09-17,LTGO,24.205
2026-09-17,SNDX,17.94
2026-09-17,CDNL,33.7225
2026-09-17,KMPR,27.16
2026-09-17,WWW,19.46
2026-09-17,ADAMZ,17.705
2026-09-17,INBX,107.97
2026-09-17,OXLC,9.135
2026-09-17,FRMEP,25.22
2026-09-17,WLTH,10.12
2026-09-17,FRA,10.61
2026-09-17,ICFI,87.78
2026-09-17,IMKTA,82.87
2026-09-17,ATEC,10.175
2026-09-17,GAB,5.345
2026-09-17,UZD,18.11
2026-09-17,GAM,64.88
2026-09-17,BCAT,14.36
2026-09-17,MQY,10.43
2026-09-17,AVLN,34.92
2026-09-17,IIPR,56.145
2026-09-17,ECAT,14.285
2026-09-17,RQI,11.4881
2026-09-17,AGL,91.755
2026-09-17,OXSQG,24.15
2026-09-17,ATEX,78.47
2026-09-17,INVA,21.21
2026-09-17,ARDT,10.85
2026-09-17,GIC,40.02
2026-09-17,PFBC,106.03
2026-09-17,AMBQ,62.92
2026-09-17,SAFT,103.57
2026-09-17,MYI,10.1976
2026-09-17,MUC,10.19
2026-09-17,TFIN,63.36
2026-09-17,ECCC,24.95
2026-09-17,BCAX,22.765
2026-09-17,NUTX,219.725
2026-09-17,VISN,6.515
2026-09-17,CSWC,24.16
2026-09-17,ESQ,123.7
2026-09-17,JJSF,79.945
2026-09-17,INNV,10.94
2026-09-17,AFGC,18.0
2026-09-17,LKFN,59.94
2026-09-17,DCH,6.26
2026-09-17,HCSG,21.645
2026-09-17,OMCL,32.56
2026-09-17,TRAX,41.46
2026-09-17,AZTA,33.72
2026-09-17,CRSR,13.63
2026-09-17,KMTS,24.71
2026-09-17,DMLP,29.895
2026-09-17,SBH,15.62
2026-09-17,BKT,9.825
2026-09-17,RVLV,20.5575
2026-09-17,ADNT,18.93
2026-09-17,SLVM,36.65
2026-09-17,ARLO,13.54
2026-09-17,ENR,21.27
2026-09-17,NRP,109.73
2026-09-17,GT,5.05
2026-09-17,TWFG,26.885
2026-09-17,EOSE,3.98
2026-09-17,ECCV,23.89
2026-09-17,KMPB,24.57
2026-09-17,MUA,9.73
2026-09-17,WBTN,10.665
2026-09-17,XERS,7.935
2026-09-17,MLKN,21.02
2026-09-17,PRG,36.13
2026-09-17,NCV,15.9
2026-09-17,PAHC,35.29
2026-09-17,BHRB,70.97
2026-09-17,PNTG,41.015
2026-09-17,SVV,9.265
2026-09-17,PEBO,39.645
2026-09-17,ATLC,93.61
2026-09-17,TMP,98.5825
2026-09-17,HLMN,7.28
2026-09-17,BULLW,2.6199
2026-09-17,REX,42.62
2026-09-17,TPB,70.43
2026-09-17,SCL,62.03
2026-09-17,AMSC,29.1
2026-09-17,UZF,16.36
2026-09-17,AMPX,9.615
2026-09-17,TRS,39.11
2026-09-17,UFCS,54.555
2026-09-17,UZE,16.2988
2026-09-17,FCEL,17.49
2026-09-17,AMAL,46.69
2026-09-17,UAN,131.9945
2026-09-17,AVBP,28.27
2026-09-17,CNMD,46.49
2026-09-17,GOLD,47.7
2026-09-17,CTBI,76.44
2026-09-17,FLNC,7.5201
2026-09-17,WABC,59.955
2026-09-17,NMAX,10.7
2026-09-17,LBRX,42.835
2026-09-17,COUR,5.215
2026-09-17,CGEM,21.425
2026-09-17,APPS,11.335
2026-09-17,CNOBP,25.24
2026-09-17,ULCC,5.935
2026-09-17,EVCM,7.73
2026-09-17,ORIC,13.12
2026-09-17,YSWY,21.47
2026-09-17,WEN,7.115
2026-09-17,MAZE,24.41
2026-09-17,LQDT,43.15
2026-09-17,WD,39.32
2026-09-17,AFGE,16.27
2026-09-17,DJTWW,4.85
2026-09-17,BBAI,2.81
2026-09-17,VSECU,47.96
2026-09-17,AAT,21.91
2026-09-17,FOR,26.32
2026-09-17,PRSU,49.205
2026-09-17,FMBH,50.38
2026-09-17,AMN,34.48
2026-09-17,FMC,10.655
2026-09-17,UMH,15.59
2026-09-17,VOR,22.5
2026-09-17,MBC,6.515
2026-09-17,RES,5.975
2026-09-17,RARE,13.4201
2026-09-17,ROCK,44.57
2026-09-17,EOSEW,3.63
2026-09-17,BRUN,16.5867
2026-09-17,AKTS,23.63
2026-09-17,EYE,16.58
2026-09-17,EFOR,31.95
2026-09-17,HBT,35.995
2026-09-17,FUN,12.765
2026-09-17,OMER,18.01
2026-09-17,NSSC,36.42
2026-09-17,FLO,6.125
2026-09-17,GBX,41.915
2026-09-17,CXM,5.57
2026-09-17,RYZ,24.78
2026-09-17,CERT,8.41
2026-09-17,BJRI,60.165
2026-09-17,WOLF,24.115
2026-09-17,SENEB,188.22
2026-09-17,ODC,87.85
2026-09-17,OSBC,24.95
2026-09-17,RDVT,79.05
2026-09-17,MGTX,13.195
2026-09-17,HROW,33.715
2026-09-17,ALX,247.35
2026-09-17,PUMP,10.265
2026-09-17,XPEL,45.41
2026-09-17,AMRC,23.58
2026-09-17,REPL,13.25
2026-09-17,EPC,27.08
2026-09-17,SHLS,7.4
2026-09-17,USPH,83.4451
2026-09-17,SENEA,183.845
2026-09-17,OMDA,20.22
2026-09-17,PWP,12.665
2026-09-17,HLIT,11.27
2026-09-17,VTOL,41.4
2026-09-17,ANRO,31.27
2026-09-17,UVE,44.02
2026-09-17,OPY,114.0951
2026-09-17,WLDN,80.06
2026-09-17,ORC,6.1
2026-09-17,GNK,27.93
2026-09-17,CCO,2.39
2026-09-17,LADR,9.58
2026-09-17,IART,15.605
2026-09-17,WAFDP,16.4001
2026-09-17,LZB,30.28
2026-09-17,OPK,1.625
2026-09-17,ODTX,25.235
2026-09-17,CLBK,11.615
2026-09-17,LNN,118.22
2026-09-17,SPTX,22.44
2026-09-17,GIII,28.01
2026-09-17,AORT,24.58
2026-09-17,APMD,28.71
2026-09-17,MYE,31.595
2026-09-17,PSEC,2.26
2026-09-17,TNDM,17.035
2026-09-17,DFIN,48.2
2026-09-17,THRM,38.55
2026-09-17,GTM,4.065
2026-09-17,CRCT,5.65
2026-09-17,CNL,12.735
2026-09-17,GDRX,3.46
2026-09-17,REAL,9.7
2026-09-17,MNKD,3.67
2026-09-17,UVSP,42.785
2026-09-17,UMAC,23.615
2026-09-17,JCAP,20.525
2026-09-17,TDOC,6.485
2026-09-17,SCCG,24.885
2026-09-17,NHP,16.15
2026-09-17,MMI,31.0325
2026-09-17,MBINM,25.548
2026-09-17,WLFC,55.47
2026-09-17,PDM,9.36
2026-09-17,UTI,21.245
2026-09-17,ECVT,10.665
2026-09-17,SCCE,24.65
2026-09-17,SCCF,24.61
2026-09-17,SCCD,24.5201
2026-09-17,TNC,67.9775
2026-09-17,HZO,52.39
2026-09-17,SCSC,57.33
2026-09-17,PD,14.67
2026-09-17,LGIH,49.6204
2026-09-17,PCT,5.715
2026-09-17,AMTB,29.26
2026-09-17,FUBO,10.485
2026-09-17,GO,11.55
2026-09-17,HFWA,27.94
2026-09-17,NCZ,14.958
2026-09-17,SPH,17.03
2026-09-17,TRUP,25.855
2026-09-17,CDRE,26.435
2026-09-17,GSBD,10.045
2026-09-17,LMRI,11.745
2026-09-17,MBINL,24.49
2026-09-17,MRTN,13.74
2026-09-17,YELP,20.61
2026-09-17,CFFN,8.875
2026-09-17,RCAT,7.285
2026-09-17,CSTL,36.4
2026-09-17,SVRA,5.41
2026-09-17,BOW,33.735
2026-09-17,UVV,44.6267
2026-09-17,OCSL,12.6054
2026-09-17,FSBC,45.245
2026-09-17,GLUE,12.985
2026-09-17,DEA,23.38
2026-09-17,PRCT,19.31
2026-09-17,LFMDP,22.925
2026-09-17,JBIO,17.365
2026-09-17,DLX,24.0564
2026-09-17,MCB,88.81
2026-09-17,DFH,12.15
2026-09-17,STAA,21.895
2026-09-17,NPKI,12.93
2026-09-17,NBN,134.695
2026-09-17,OBX,17.725
2026-09-17,BVS,13.0
2026-09-17,AEVA,15.64
2026-09-17,NPK,152.61
2026-09-17,AIP,22.14
2026-09-17,GOODN,22.475
2026-09-17,CRI,29.575
2026-09-17,ATTO,23.69
2026-09-17,DEC,14.05
2026-09-17,WINA,299.59
2026-09-17,BW,7.22
2026-09-17,ASA,58.805
2026-09-17,AVO,12.21
2026-09-17,FTK,29.46
2026-09-17,BCX,12.535
2026-09-17,UPWK,8.515
2026-09-17,BST,47.9733
2026-09-17,CRVS,12.635
2026-09-17,SBR,72.86
2026-09-17,GPRE,15.15
2026-09-17,IRMD,83.025
2026-09-17,MSEX,56.19
2026-09-17,KURA,11.9
2026-09-17,HTFC,24.86
2026-09-17,PSIX,45.7
2026-09-17,XIFR,11.18
2026-09-17,ETW,9.615
2026-09-17,BRBR,9.06
2026-09-17,MLTX,12.36
2026-09-17,AEF,9.7899
2026-09-17,FSCO,5.29
2026-09-17,TRIP,8.935
2026-09-17,UPBD,17.93
2026-09-17,LZ,6.1
2026-09-17,MBWM,60.43
2026-09-17,BTZ,9.655
2026-09-17,DCBG,26.66
2026-09-17,DSL,10.2101
2026-09-17,ARHS,7.335
2026-09-17,HRTG,34.93
2026-09-17,JANX,16.96
2026-09-17,ENOV,17.95
2026-09-17,HQH,21.81
2026-09-17,CRAI,164.035
2026-09-17,QNST,18.035
2026-09-17,ALMS,7.94
2026-09-17,AMPH,24.14
2026-09-17,RUMBW,2.06
2026-09-17,EQBK,49.3341
2026-09-17,SBGI,13.9656
2026-09-17,BV,10.9
2026-09-17,BFST,30.98
2026-09-17,BXBL,4.175
2026-09-17,QMCO,25.575
2026-09-17,MCBS,34.995
2026-09-17,HBNC,19.6
2026-09-17,CCNE,33.96
2026-09-17,CMP,23.96
2026-09-17,SABR,2.475
2026-09-17,PTA,18.07
2026-09-17,GHM,84.95
2026-09-17,NWPX,103.43
2026-09-17,NBBK,22.69
2026-09-17,PCRX,24.92
2026-09-17,GOODO,20.47
2026-09-17,KRT,49.6999
2026-09-17,RMIX,13.48
2026-09-17,GLIBK,24.73
2026-09-17,GLIBA,24.725
2026-09-17,HPK,7.79
2026-09-17,RXT,3.86
2026-09-17,IBTA,42.435
2026-09-17,CBRL,43.95
2026-09-17,VYX,7.06
2026-09-17,SGP,29.1
2026-09-17,SANA,3.25
2026-09-17,CAC,57.53
2026-09-17,BBNX,21.49
2026-09-17,CPF,37.5
2026-09-17,CSR,57.39
2026-09-17,OI,6.27
2026-09-17,RNP,19.58
2026-09-17,NX,20.95
2026-09-17,NXDR,2.4801
2026-09-17,UTL,52.6
2026-09-17,SAFE,13.53
2026-09-17,TDAY,6.52
2026-09-17,FEIM,84.9
2026-09-17,FRBT,18.85
2026-09-17,TRST,56.155
2026-09-17,REPX,43.13
2026-09-17,SLDB,8.875
2026-09-17,HAFC,32.075
2026-09-17,KRO,8.26
2026-09-17,CBLL,24.745
2026-09-17,RHLD,121.0
2026-09-17,SBSI,31.64
2026-09-17,BKSY,23.0105
2026-09-17,ANGX,5.035
2026-09-17,KODK,9.595
2026-09-17,BBDC,8.9601
2026-09-17,FET,81.7201
2026-09-17,HTLD,12.115
2026-09-17,ACEL,11.53
2026-09-17,ASTE,40.58
2026-09-17,FMNB,15.715
2026-09-17,MPB,36.715
2026-09-17,TTI,6.28
2026-09-17,BANFP,27.675
2026-09-17,CIM,11.075
2026-09-17,NAVI,9.855
2026-09-17,EVLV,5.101
2026-09-17,GAINZ,24.13
2026-09-17,DJCO,668.58
2026-09-17,AIZN,18.23
2026-09-17,PLOW,39.81
2026-09-17,FTH,35.53
2026-09-17,LXRX,2.06
2026-09-17,THFF,76.93
2026-09-17,KFRC,50.97
2026-09-17,RWAYL,25.12
2026-09-17,SIGIP,15.27
2026-09-17,FMN,10.52
2026-09-17,MBINN,19.74
2026-09-17,ABX,9.26
2026-09-17,AVTX,16.88
2026-09-17,SMPL,10.16
2026-09-17,IMMX,12.55
2026-09-17,OLMA,10.26
2026-09-17,HSTM,29.275
2026-09-17,EIG,49.73
2026-09-17,BHFAL,15.5
2026-09-17,BZH,33.38
2026-09-17,KOP,47.045
2026-09-17,KBDC,13.45
2026-09-17,SMBK,51.88
2026-09-17,FCBC,46.79
2026-09-17,KOPN,4.755
2026-09-17,NNE,16.42
2026-09-17,CVLG,34.64
2026-09-17,ACDC,4.81
2026-09-17,LANDO,20.305
2026-09-17,CADL,11.36
2026-09-17,LANDP,20.148
2026-09-17,VRTS,130.91
2026-09-17,GSBC,79.33
2026-09-17,TCBIO,19.88
2026-09-17,RPC,7.84
2026-09-17,EGBN,28.34
2026-09-17,MFA,8.545
2026-09-17,ARDX,3.465
2026-09-17,WRLD,184.5
2026-09-17,RPD,12.76
2026-09-17,FBYD,7.075
2026-09-17,MNTN,11.45
2026-09-17,RIGL,45.81
2026-09-17,SVC,6.605
2026-09-17,CCBG,49.96
2026-09-17,HMH,19.44
2026-09-17,DGICB,22.98
2026-09-17,CYRX,16.83
2026-09-17,CAPL,22.3
2026-09-17,MCS,27.54
2026-09-17,JBGS,11.37
2026-09-17,GERN,1.32
2026-09-17,HIPO,32.08
2026-09-17,DAKT,17.585
2026-09-17,CODI,11.2
2026-09-17,RJET,17.965
2026-09-17,SOC,4.375
2026-09-17,SMP,37.5
2026-09-17,ABR,4.485
2026-09-17,VPG,62.74
2026-09-17,BLZE,13.5
2026-09-17,ARI,6.51
2026-09-17,INR,13.15
2026-09-17,SG,7.0
2026-09-17,EVER,23.63
2026-09-17,APEI,45.285
2026-09-17,SIBN,18.48
2026-09-17,SKYH,10.14
2026-09-17,ORRF,42.075
2026-09-17,ACRS,5.61
2026-09-17,AVR,8.47
2026-09-17,LXU,11.445
2026-09-17,CEVA,29.25
2026-09-17,ACHV,8.0
2026-09-17,SPFI,43.69
2026-09-17,ADAM,9.125
2026-09-17,CLYM,14.27
2026-09-17,SXC,9.64
2026-09-17,FDMT,14.79
2026-09-17,LINC,25.75
2026-09-17,BH,350.86
2026-09-17,FOXF,19.41
2026-09-17,TXO,14.69
2026-09-17,ALRS,32.6575
2026-09-17,MTUS,19.63
2026-09-17,BBSI,33.535
2026-09-17,ROOT,52.29
2026-09-17,IBCP,36.47
2026-09-17,BHFAO,14.0499
2026-09-17,QVCG,16.11
2026-09-17,JBSS,68.815
2026-09-17,TRNS,85.59
2026-09-17,LWLG,5.195
2026-09-17,CGBD,11.64
2026-09-17,PGC,45.17
2026-09-17,GYRE,7.18
2026-09-17,BTGO,6.795
2026-09-17,FISI,40.52
2026-09-17,SMBC,72.49
2026-09-17,PUBM,17.525
2026-09-17,MITK,17.675
2026-09-17,DC,5.9309
2026-09-17,BLSM,26.245
2026-09-17,APOG,37.995
2026-09-17,KPLT,9.34
2026-09-17,FINV,3.35
2026-09-17,AHCO,5.77
2026-09-17,KDK,3.915
2026-09-17,BHFAP,13.65
2026-09-17,PMT,8.99
2026-09-17,HTB,46.745
2026-09-17,DSGN,12.445
2026-09-17,VREX,18.495
2026-09-17,CTO,20.755
2026-09-17,MTW,21.57
2026-09-17,SHBI,23.23
2026-09-17,GRPN,19.055
2026-09-17,NRGV,4.2584
2026-09-17,KELYB,22.29
2026-09-17,HYLN,4.325
2026-09-17,ANNX,4.06
2026-09-17,RILYN,25.215
2026-09-17,WGO,27.15
2026-09-17,WEST,7.84
2026-09-17,MFIC,9.26
2026-09-17,WLKP,21.5099
2026-09-17,RILYG,24.8
2026-09-17,GDOT,13.24
2026-09-17,QDEL,10.99
2026-09-17,RCBC,53.06
2026-09-17,LYTS,20.205
2026-09-17,BFS,30.35
2026-09-17,MPLT,11.58
2026-09-17,WASH,39.28
2026-09-17,FPH,5.065
2026-09-17,SWIM,6.365
2026-09-17,EVC,8.11
2026-09-17,MITN,25.37
2026-09-17,TASK,8.16
2026-09-17,PRAA,19.85
2026-09-17,MITP,25.325
2026-09-17,HNRG,15.835
2026-09-17,VTS,17.705
2026-09-17,MOV,33.215
2026-09-17,FDUS,19.51
2026-09-17,TCBX,44.4
2026-09-17,LUCK,5.42
2026-09-17,BCSF,11.39
2026-09-17,PSTL,24.41
2026-09-17,INDI,3.185
2026-09-17,NABL,3.905
2026-09-17,BWMN,42.53
2026-09-17,EVEX,2.095
2026-09-17,COLL,22.425
2026-09-17,CCNEP,24.64
2026-09-17,IRWD,4.385
2026-09-17,NEWTP,25.0002
2026-09-17,PFLT,7.255
2026-09-17,NVCT,22.055
2026-09-17,ESRT,4.145
2026-09-17,PFIS,71.25
2026-09-17,GEGGL,24.58
2026-09-17,MLAB,127.22
2026-09-17,VSTM,7.84
2026-09-17,ZVRA,11.945
2026-09-17,IVR,6.58
2026-09-17,CWBC,26.02
2026-09-17,AROW,38.11
2026-09-17,HOV,118.325
2026-09-17,CASS,55.055
2026-09-17,DSP,10.5772
2026-09-17,DGICA,18.93
2026-09-17,STLN,6.87
2026-09-17,AURA,6.75
2026-09-17,LPTH,9.965
2026-09-17,CCB,45.54
2026-09-17,WOOF,2.43
2026-09-17,BCAL,21.645
2026-09-17,BLMN,8.125
2026-09-17,MSBI,33.485
2026-09-17,UAMY,4.64
2026-09-17,NIE,25.02
2026-09-17,MDXG,4.744
2026-09-17,WYFI,17.79
2026-09-17,PAYS,12.23
2026-09-17,TRON,1.451
2026-09-17,MNPR,102.48
2026-09-17,TROX,4.305
2026-09-17,IPX,20.24
2026-09-17,SSYS,7.92
2026-09-17,XFLT,19.24
2026-09-17,HTZ,1.91
2026-09-17,SGMT,10.98
2026-09-17,NMFC,7.145
2026-09-17,PKE,31.0199
2026-09-17,CARE,30.44
2026-09-17,BHB,40.24
2026-09-17,CUBB,21.32
2026-09-17,RRBI,102.36
2026-09-17,SPT,11.105
2026-09-17,PKOH,46.365
2026-09-17,CCSI,36.635
2026-09-17,SLRC,12.305
2026-09-17,MATV,12.16
2026-09-17,TBLD,20.8801
2026-09-17,MAX,10.9
2026-09-17,CNNE,15.36
2026-09-17,CBIO,17.92
2026-09-17,NEWTG,25.22
2026-09-17,LEGH,27.91
2026-09-17,PAR,16.04
2026-09-17,PZZA,20.15
2026-09-17,NGVC,28.78
2026-09-17,NEWTI,25.19
2026-09-17,SCHL,34.79
2026-09-17,NSLRL,24.92
2026-09-17,HIFS,307.14
2026-09-17,CTKB,5.07
2026-09-17,ACNB,64.605
2026-09-17,GDYN,8.095
2026-09-17,VEL,16.61
2026-09-17,OSPN,17.795
2026-09-17,ENVX,2.985
2026-09-17,SMC,32.25
2026-09-17,VLGEA,44.18
2026-09-17,ARRY,4.225
2026-09-17,TIPT,17.47
2026-09-17,GRNT,4.9302
2026-09-17,ALT,3.34
2026-09-17,BHFAN,11.29
2026-09-17,MAMA,13.76
2026-09-17,EGY,6.155
2026-09-17,AGNT,3.87
2026-09-17,ELMT,21.21
2026-09-17,GAIN,16.2
2026-09-17,ANGO,15.585
2026-09-17,DLY,13.41
2026-09-17,RILYT,21.0201
2026-09-17,FWRG,10.38
2026-09-17,NXP,13.61
2026-09-17,CTGO,19.0201
2026-09-17,ABTC,8.71
2026-09-17,PHAT,7.8342
2026-09-17,OABI,4.35
2026-09-17,METC,9.925
2026-09-17,FBRT,7.61
2026-09-17,PHR,10.18
2026-09-17,BSTZ,28.51
2026-09-17,MLR,55.51
2026-09-17,RGR,39.335
2026-09-17,MG,19.725
2026-09-17,NTGR,23.08
2026-09-17,KRNY,9.66
2026-09-17,EFSCP,17.33
2026-09-17,WCCB,59.5
2026-09-17,MATW,20.07
2026-09-17,VMO,9.285
2026-09-17,MGRE,21.999
2026-09-17,OOMA,22.635
2026-09-17,RMT,13.495
2026-09-17,YEXT,6.295
2026-09-17,CTMX,2.855
2026-09-17,NUAI,5.83
2026-09-17,SCTX,32.81
2026-09-17,HPP,11.44
2026-09-17,INN,5.755
2026-09-17,GOOD,12.785
2026-09-17,FOF,12.5866
2026-09-17,RILYZ,20.22
2026-09-17,CARS,11.5
2026-09-17,NCDL,12.42
2026-09-17,RSVR,9.29
2026-09-17,ONT,17.44
2026-09-17,AQST,4.8791
2026-09-17,OPFI,7.18
2026-09-17,HY,34.065
2026-09-17,PRME,3.365
2026-09-17,RMR,18.99
2026-09-17,LMB,51.0
2026-09-17,GCBC,35.65
2026-09-17,CLDT,13.0328
2026-09-17,CRMD,7.78
2026-09-17,SHEN,11.345
2026-09-17,STTK,6.03
2026-09-17,JBI,4.435
2026-09-17,FBIOP,18.1264
2026-09-17,ALLO,1.745
2026-09-17,KE,25.055
2026-09-17,SWBI,13.36
2026-09-17,BXC,76.065
2026-09-17,FBIZ,71.4
2026-09-17,FLGT,21.66
2026-09-17,CWH,5.755
2026-09-17,KIDS,22.74
2026-09-17,NRDS,9.275
2026-09-17,UNTY,59.01
2026-09-17,CBNK,36.36
2026-09-17,BME,44.29
2026-09-17,ADTN,7.24
2026-09-17,FAC,5.51
2026-09-17,ALOY,8.49
2026-09-17,IIIN,30.355
2026-09-17,WEAV,7.33
2026-09-17,WHFCL,25.0999
2026-09-17,SFST,61.555
2026-09-17,BWB,20.9
2026-09-17,NPB,16.74
2026-09-17,WTI,3.835
2026-09-17,SLDP,2.5111
2026-09-17,DDD,3.445
2026-09-17,HNST,5.33
2026-09-17,GEMI,4.39
2026-09-17,NRIM,25.575
2026-09-17,CIVB,27.28
2026-09-17,RYAM,8.379
2026-09-17,TITN,24.08
2026-09-17,XMAX,8.775
2026-09-17,UHT,40.66
2026-09-17,IIM,12.005
2026-09-17,DCTH,16.26
2026-09-17,CTEV,33.245
2026-09-17,TRTX,7.335
2026-09-17,BHFAM,9.79
2026-09-17,KELYA,16.2
2026-09-17,MGR,19.775
2026-09-17,CAPR,9.635
2026-09-17,ITIC,296.59
2026-09-17,RGNX,8.45
2026-09-17,PROK,1.831
2026-09-17,ARVN,8.42
2026-09-17,PANL,8.385
2026-09-17,TECX,27.91
2026-09-17,BWBBP,19.5501
2026-09-17,ETD,21.63
2026-09-17,NXRT,21.29
2026-09-17,BRSP,4.265
2026-09-17,EBF,21.29
2026-09-17,HBCP,68.39
2026-09-17,OVID,2.755
2026-09-17,SDHC,10.57
2026-09-17,DNUT,3.095
2026-09-17,RFI,10.91
2026-09-17,BTBT,1.485
2026-09-17,BALY,10.605
2026-09-17,YORW,32.89
2026-09-17,TLRY,3.915
2026-09-17,FWRD,15.78
2026-09-17,NB,3.655
2026-09-17,BWFG,66.625
2026-09-17,SD,14.31
2026-09-17,EOLS,8.03
2026-09-17,TMS,7.2001
2026-09-17,CLMB,28.37
2026-09-17,VRRM,3.475
2026-09-17,IPI,39.1
2026-09-17,BSRR,40.475
2026-09-17,CERS,2.6
2026-09-17,VGM,9.65
2026-09-17,BSVN,54.92
2026-09-17,MSBIP,25.2
2026-09-17,VOGX,35.0
2026-09-17,PBAM,90.65
2026-09-17,ILPT,7.77
2026-09-17,CTNM,13.78
2026-09-17,ASMB,25.45
2026-09-17,IQI,9.78
2026-09-17,AII,26.22
2026-09-17,BDN,2.94
2026-09-17,OBT,38.13
2026-09-17,RILYL,12.7
2026-09-17,VKQ,9.22
2026-09-17,ULH,19.32
2026-09-17,ASPI,3.31
2026-09-17,OIS,8.395
2026-09-17,HQL,19.685
2026-09-17,QUAD,9.82
2026-09-17,TYG,42.365
2026-09-17,DNA,7.8528
2026-09-17,TCMD,22.3
2026-09-17,WTBA,29.63
2026-09-17,ETO,30.7882
2026-09-17,ALTI,3.23
2026-09-17,GFUZ,7.915
2026-09-17,OLP,23.02
2026-09-17,CSV,31.63
2026-09-17,EIKN,9.24
2026-09-17,COFS,33.33
2026-09-17,BBCP,9.86
2026-09-17,RWT,3.945
2026-09-17,CTRN,59.41
2026-09-17,WNC,12.135
2026-09-17,MEI,13.865
2026-09-17,PBYI,9.55
2026-09-17,PDLB,20.32
2026-09-17,FMAO,35.66
2026-09-17,AMCX,11.875
2026-09-17,SPIR,12.05
2026-09-17,NVEC,101.1
2026-09-17,PRTH,5.92
2026-09-17,NPCE,14.19
2026-09-17,ARKO,4.34
2026-09-17,MCFT,19.99
2026-09-17,RILYP,12.1
2026-09-17,GTN,4.715
2026-09-17,SBC,4.712
2026-09-17,SENS,9.135
2026-09-17,NRC,21.82
2026-09-17,VHI,16.946
2026-09-17,FTHY,13.015
2026-09-17,FPI,10.905
2026-09-17,SRTA,5.375
2026-09-17,XRN,35.81
2026-09-17,CMCO,16.345
2026-09-17,IMSR,4.445
2026-09-17,AHRT,6.3
2026-09-17,SPCE,3.09
2026-09-17,VITL,10.9101
2026-09-17,NGS,36.3
2026-09-17,HUYA,2.05
2026-09-17,JOUT,44.5901
2026-09-17,OPTU,1.025
2026-09-17,MBUU,23.7
2026-09-17,VCV,9.735
2026-09-17,CZNC,25.885
2026-09-17,TWI,7.18
2026-09-17,FWDI,6.27
2026-09-17,RLMD,4.335
2026-09-17,MEC,18.12
2026-09-17,SOUNW,0.9601
2026-09-17,XRX,3.5077
2026-09-17,IRD,5.5199
2026-09-17,CIX,37.195
2026-09-17,MGRB,16.15
2026-09-17,BMRC,28.265
2026-09-17,ATNI,29.675
2026-09-17,INDP,3.43
2026-09-17,AMSF,24.605
2026-09-17,CBK,33.175
2026-09-17,EVGO,1.445
2026-09-17,PBFS,18.29
2026-09-17,RBB,26.835
2026-09-17,IDR,28.65
2026-09-17,ETB,15.39
2026-09-17,FRBA,17.85
2026-09-17,CBAN,21.065
2026-09-17,CCOI,8.72
2026-09-17,EDIT,2.905
2026-09-17,GLAD,19.7
2026-09-17,ACTG,4.56
2026-09-17,GUT,6.05
2026-09-17,ASIX,16.445
2026-09-17,AVBC,22.23
2026-09-17,SGHT,8.045
2026-09-17,MASS,10.68
2026-09-17,OXM,29.33
2026-09-17,LOCO,14.42
2026-09-17,KYTX,7.095
2026-09-17,PLBC,62.69
2026-09-17,BLW,12.19
2026-09-17,CABA,2.565
2026-09-17,STRZ,25.38
2026-09-17,ACIC,9.18
2026-09-17,FVR,17.74
2026-09-17,PACB,1.395
2026-09-17,ASPN,5.215
2026-09-17,TRC,16.0
2026-09-17,PRTA,8.42
2026-09-17,FISN,7.33
2026-09-17,KRUS,35.4018
2026-09-17,HVT,27.52
2026-09-17,CCCC,3.485
2026-09-17,RLGT,9.14
2026-09-17,GBLI,29.25
2026-09-17,WEYS,44.78
2026-09-17,USCB,23.14
2026-09-17,GNE,16.235
2026-09-17,AVIR,5.3
2026-09-17,EVH,3.745
2026-09-17,LRMR,4.075
2026-09-17,MAGN,11.82
2026-09-17,CLFD,31.08
2026-09-17,SGU,12.8604
2026-09-17,SPRY,4.24
2026-09-17,GLOO,4.59
2026-09-17,CARL,15.35
2026-09-17,ARTV,8.547
2026-09-17,BOC,13.86
2026-09-17,ISTR,30.3
2026-09-17,CAL,12.09
2026-09-17,HBB,31.01
2026-09-17,CPS,23.43
2026-09-17,ADV,32.415
2026-09-17,CHCT,14.49
2026-09-17,CLPT,13.58
2026-09-17,MGRD,14.54
2026-09-17,RMNI,4.425
2026-09-17,CYH,2.925
2026-09-17,RCKT,3.7497
2026-09-17,TTRX,13.8
2026-09-17,LAND,9.51
2026-09-17,FRPH,21.35
2026-09-17,DDT,26.1799
2026-09-17,EVN,10.28
2026-09-17,NATH,99.509
2026-09-17,AIOT,3.035
2026-09-17,NPWR,1.805
2026-09-17,KREF,6.925
2026-09-17,MVBF,30.99
2026-09-17,PKBK,34.125
2026-09-17,HCMA,10.32
2026-09-17,CHMG,83.0
2026-09-17,BBOT,4.99
2026-09-17,SWMR,25.08
2026-09-17,BNTC,11.42
2026-09-17,FNLC,35.25
2026-09-17,ACCO,4.295
2026-09-17,GREEL,25.22
2026-09-17,BMBL,2.995
2026-09-17,SAZ,25.18
2026-09-17,SAY,25.15
2026-09-17,WHLRL,80.0
2026-09-17,CZFS,81.66
2026-09-17,SAT,25.0601
2026-09-17,FRST,15.81
2026-09-17,SAJ,25.01
2026-09-17,FSTR,37.22
2026-09-17,ORBS,0.9102
2026-09-17,SWRD,1.85
2026-09-17,PESI,18.34
2026-09-17,RNGR,16.605
2026-09-17,ATLCZ,25.64
2026-09-17,RDIB,16.94
2026-09-17,SFIX,2.905
2026-09-17,RZLT,4.015
2026-09-17,IMXI,12.78
2026-09-17,GEVO,1.56
2026-09-17,MNRO,12.335
2026-09-17,MCI,19.0099
2026-09-17,PCB,27.354
2026-09-17,MYGN,4.01
2026-09-17,TKNO,7.14
2026-09-17,FENC,10.92
2026-09-17,GALT,3.79
2026-09-17,REI,1.465
2026-09-17,SOR,45.74
2026-09-17,ATLCL,25.195
2026-09-17,TACO,10.455
2026-09-17,SERV,4.38
2026-09-17,RR,1.685
2026-09-17,NWFL,34.77
2026-09-17,VKI,8.515
2026-09-17,IIIV,14.31
2026-09-17,CLNE,1.705
2026-09-17,CRNC,8.2593
2026-09-17,WSBF,20.755
2026-09-17,SLP,18.435
2026-09-17,NECB,27.035
2026-09-17,BNED,10.72
2026-09-17,PRLD,4.655
2026-09-17,DMAC,6.88
2026-09-17,TREE,26.38
2026-09-17,LWAY,24.51
2026-09-17,ENTA,12.695
2026-09-17,SI,17.76
2026-09-17,MRAM,15.18
2026-09-17,CCAP,10.01
2026-09-17,ORN,9.06
2026-09-17,MOBI,11.005
2026-09-17,ATLCP,24.15
2026-09-17,PPHC,12.245
2026-09-17,LEO,5.86
2026-09-17,OPRT,7.92
2026-09-17,BIOA,7.92
2026-09-17,GCO,33.55
2026-09-17,VALU,38.63
2026-09-17,SUJA,9.375
2026-09-17,ARTNA,35.0
2026-09-17,JILL,24.175
2026-09-17,TCI,40.95
2026-09-17,ERII,7.035
2026-09-17,TSBK,46.15
2026-09-17,TWIN,24.66
2026-09-17,EBS,6.99
2026-09-17,OPI,16.325
2026-09-17,OBIO,5.94
2026-09-17,CION,7.235
2026-09-17,VELO,11.05
2026-09-17,OCGN,1.045
2026-09-17,BRBS,3.95
2026-09-17,DIN,27.93
2026-09-17,LXEO,4.3
2026-09-17,FSBW,44.81
2026-09-17,RPAY,3.895
2026-09-17,FIP,2.96
2026-09-17,SHOE,12.85
2026-09-17,XFOR,3.51
2026-09-17,CMPX,1.93
2026-09-17,BRCB,6.93
2026-09-17,NL,7.09
2026-09-17,AVBH,31.46
2026-09-17,CUB,10.87
2026-09-17,NEWT,11.94
2026-09-17,GOGO,2.545
2026-09-17,EVMN,9.5
2026-09-17,CLW,21.335
2026-09-17,IPSC,1.895
2026-09-17,MOVE,10.87
2026-09-17,SION,7.54
2026-09-17,VMD,8.94
2026-09-17,IHRT,2.545
2026-09-17,FLXS,82.8
2026-09-17,VGZ,2.31
2026-09-17,TCPC,4.005
2026-09-17,FOSL,5.68
2026-09-17,OPAL,1.92
2026-09-17,EYPT,3.88
2026-09-17,BKKT,7.415
2026-09-17,METCB,5.24
2026-09-17,KTF,8.44
2026-09-17,PMO,9.79
2026-09-17,IA,18.57
2026-09-17,MPTI,76.465
2026-09-17,AIV,2.285
2026-09-17,HTZWW,0.9305
2026-09-17,QTTB,11.13
2026-09-17,PPT,3.32
2026-09-17,ELA,12.725
2026-09-17,PACK,3.85
2026-09-17,BCML,30.23
2026-09-17,RCEL,10.65
2026-09-17,PNRG,207.325
2026-09-17,RCKY,43.78
2026-09-17,TDUP,2.495
2026-09-17,FVCB,18.11
2026-09-17,JMSB,23.1
2026-09-17,ALIT,12.1
2026-09-17,COSO,27.255
2026-09-17,IKT,2.325
2026-09-17,AGEN,7.17
2026-09-17,SMTI,35.14
2026-09-17,CHSCP,26.29
2026-09-17,CATX,2.82
2026-09-17,NXH,3.365
2026-09-17,BBW,26.015
2026-09-17,HLLY,2.64
2026-09-17,ZIP,3.89
2026-09-17,MLP,16.09
2026-09-17,SEG,24.92
2026-09-17,FDBC,54.74
2026-09-17,ABAT,2.2212
2026-09-17,AIRJ,4.205
2026-09-17,ALTO,4.075
2026-09-17,MNTK,2.22
2026-09-17,SABS,3.47
2026-09-17,PINE,17.89
2026-09-17,HRZN,4.7
2026-09-17,CHSCO,25.67
2026-09-17,FCCO,33.46
2026-09-17,OFSSH,23.46
2026-09-17,ABEO,5.475
2026-09-17,BLND,1.32
2026-09-17,DBI,6.105
2026-09-17,BRR,3.53
2026-09-17,CYPH,2.8883
2026-09-17,NODK,15.19
2026-09-17,VNDA,5.125
2026-09-17,TLS,4.135
2026-09-17,CHSCL,25.17
2026-09-17,CFFI,94.81
2026-09-17,TLSI,4.99
2026-09-17,MGPI,14.335
2026-09-17,BDSX,29.01
2026-09-17,EFT,10.52
2026-09-17,CV,6.11
2026-09-17,SWKHL,25.09
2026-09-17,CHSCN,24.8
2026-09-17,PALI,1.745
2026-09-17,FATE,2.535
2026-09-17,LE,10.25
2026-09-17,FRD,41.94
2026-09-17,NREF,16.01
2026-09-17,CDZI,3.56
2026-09-17,FNKO,5.335
2026-09-17,FUND,10.0747
2026-09-17,RM,32.285
2026-09-17,MYFW,30.49
2026-09-17,UPB,5.42
2026-09-17,ZNTL,3.135
2026-09-17,CHSCM,24.08
2026-09-17,NUAIW,2.77
2026-09-17,BPRN,43.29
2026-09-17,GBAB,13.1651
2026-09-17,SLNH,1.195
2026-09-17,TMCI,4.53
2026-09-17,LAB,0.7495
2026-09-17,PRHIZ,24.01
2026-09-17,NC,38.85
2026-09-17,FGBIP,17.65
2026-09-17,SSP,3.15
2026-09-17,IMRX,4.485
2026-09-17,OCCIN,24.9486
2026-09-17,EMBC,5.115
2026-09-17,FULC,3.795
2026-09-17,ISBA,37.9161
2026-09-17,MKTW,18.335
2026-09-17,XLAB,3.17
2026-09-17,RBBN,1.615
2026-09-17,AIAI,4.0817
2026-09-17,PTLO,3.795
2026-09-17,ALCO,38.82
2026-09-17,OVLY,34.2
2026-09-17,PYXS,3.44
2026-09-17,SAR,17.84
2026-09-17,ONIT,34.32
2026-09-17,PMM,5.85
2026-09-17,REFI,11.115
2026-09-17,CMRC,3.435
2026-09-17,ATLO,32.11
2026-09-17,FRAF,63.17
2026-09-17,ANIK,21.155
2026-09-17,RCMT,39.74
2026-09-17,PDYN,5.715
2026-09-17,GBFH,19.41
2026-09-17,LTRX,6.03
2026-09-17,PCTTW,1.4
2026-09-17,FUNC,43.52
2026-09-17,JAKK,24.5
2026-09-17,FNRN,17.09
2026-09-17,KINS,19.34
2026-09-17,RWAY,6.68
2026-09-17,MTRX,9.89
2026-09-17,NXDT,5.26
2026-09-17,TTGT,3.86
2026-09-17,FXNC,30.85
2026-09-17,KLC,2.3508
2026-09-17,OPTX,6.905
2026-09-17,PMTS,23.945
2026-09-17,TBI,9.11
2026-09-17,CHAD,8.5
2026-09-17,NNBR,3.3499
2026-09-17,ARDC,12.0309
2026-09-17,LVWR,1.34
2026-09-17,MFIN,11.98
2026-09-17,WNEB,13.7
2026-09-17,STRT,68.89
2026-09-17,OIA,5.76
2026-09-17,LAW,4.2
2026-09-17,XPER,5.58
2026-09-17,LCNB,19.06
2026-09-17,QNBC,44.9
2026-09-17,BKTI,71.77
2026-09-17,PCYO,11.21
2026-09-17,RC,1.635
2026-09-17,NKSH,42.31
2026-09-17,MIN,2.345
2026-09-17,LCTX,1.065
2026-09-17,LYEL,10.975
2026-09-17,USNA,14.55
2026-09-17,FCNCN,23.8
2026-09-17,HCKT,10.79
2026-09-17,OFLX,26.54
2026-09-17,DUOT,8.51
2026-09-17,TRDA,6.875
2026-09-17,ESCA,19.44
2026-09-17,ACV,25.7
2026-09-17,CUE,36.54
2026-09-17,STRO,15.97
2026-09-17,ASLE,5.5408
2026-09-17,RMBI,15.745
2026-09-17,PAMT,12.53
2026-09-17,YARW,28.2
2026-09-17,BRT,13.96
2026-09-17,HWBK,38.0
2026-09-17,EGHT,1.815
2026-09-17,MGNX,4.115
2026-09-17,CNDT,1.685
2026-09-17,AVNW,20.44
2026-09-17,MSB,19.93
2026-09-17,GWRS,8.67
2026-09-17,VPV,10.885
2026-09-17,JACK,13.5148
2026-09-17,MMT,4.34
2026-09-17,CAMP,4.11
2026-09-17,III,5.31
2026-09-17,FBLA,16.1
2026-09-17,SMHI,9.45
2026-09-17,ARL,15.87
2026-09-17,VABK,47.15
2026-09-17,BAFN,9.47
2026-09-17,BGS,3.135
2026-09-17,BRCC,10.18
2026-09-17,AENT,4.99
2026-09-17,USAU,15.34
2026-09-17,FOA,14.65
2026-09-17,GLSI,17.25
2026-09-17,FHTX,4.26
2026-09-17,GENC,17.22
2026-09-17,LTBR,6.72
2026-09-17,INFU,12.63
2026-09-17,CPZ,12.81
2026-09-17,RELL,16.83
2026-09-17,AKBA,0.9009
2026-09-17,EOT,15.94
2026-09-17,EFSI,46.0
2026-09-17,PPIH,30.32
2026-09-17,CHPT,9.2406
2026-09-17,POWW,2.135
2026-09-17,ASYS,14.125
2026-09-17,MVST,0.6398
2026-09-17,RILY,6.12
2026-09-17,ALXO,1.775
2026-09-17,LDI,0.7234
2026-09-17,RNAC,8.085
2026-09-17,TG,6.96
2026-09-17,ACRE,4.375
2026-09-17,OSUR,3.515
2026-09-17,TSSI,8.59
2026-09-17,IMMR,7.285
2026-09-17,ASUR,8.375
2026-09-17,INBK,27.66
2026-09-17,GPRO,1.3092
2026-09-17,USDE,8.872
2026-09-17,PEBK,44.15
2026-09-17,RAIL,7.3
2026-09-17,NAGE,3.025
2026-09-17,SNFCA,8.73
2026-09-17,KGEI,6.6701
2026-09-17,UTMD,74.91
2026-09-17,ACU,62.05
2026-09-17,YDES,3.3535
2026-09-17,AIRO,7.51
2026-09-17,PLAY,6.79
2026-09-17,FF,5.39
2026-09-17,WHWK,4.145
2026-09-17,APC,18.705
2026-09-17,AMWL,13.74
2026-09-17,HQI,16.8
2026-09-17,PNNT,3.575
2026-09-17,LIEN,10.22
2026-09-17,EVI,18.09
2026-09-17,NATR,13.15
2026-09-17,MBI,4.53
2026-09-17,LMNR,12.745
2026-09-17,MRBK,19.365
2026-09-17,SVCO,6.8
2026-09-17,IVVD,0.7815
2026-09-17,PDEX,71.63
2026-09-17,CMTV,40.85
2026-09-17,VUZI,2.7093
2026-09-17,OPBK,15.3
2026-09-17,AVXL,2.4599
2026-09-17,FTF,5.6397
2026-09-17,RDNW,5.83
2026-09-17,SCM,7.965
2026-09-17,TBCH,12.65
2026-09-17,NUS,4.65
2026-09-17,RGCO,21.7
2026-09-17,SND,5.32
2026-09-17,FCNCO,19.95
2026-09-17,CFBK,34.92
2026-09-17,OSS,8.97
2026-09-17,ECC,3.685
2026-09-17,MRLN,2.205
2026-09-17,SIGA,3.095
2026-09-17,EICA,24.95
2026-09-17,SMRT,1.155
2026-09-17,ELMD,26.43
2026-09-17,STIM,2.895
2026-09-17,BMEZ,16.53
2026-09-17,SPOK,10.53
2026-09-17,HDSN,5.23
2026-09-17,INBKZ,25.255
2026-09-17,RICK,28.71
2026-09-17,FORR,11.525
2026-09-17,RXST,5.275
2026-09-17,CURV,2.19
2026-09-17,KROS,11.0
2026-09-17,FCNCP,19.29
2026-09-17,TARA,3.68
2026-09-17,ELDN,2.675
2026-09-17,NCMI,2.31
2026-09-17,NSLR,8.17
2026-09-17,ALMU,11.81
2026-09-17,LOVE,14.97
2026-09-17,BNC,5.22
2026-09-17,KLTR,1.405
2026-09-17,DERM,7.5795
2026-09-17,DHX,4.9046
2026-09-17,ANGI,5.25
2026-09-17,MFM,5.16
2026-09-17,ALEC,1.9
2026-09-17,OVBC,44.99
2026-09-17,OSG,4.69
2026-09-17,AREC,1.975
2026-09-17,SIDU,2.085
2026-09-17,CHCI,20.5
2026-09-17,CMT,23.8
2026-09-17,CMTG,1.485
2026-09-17,EXFY,2.29
2026-09-17,NEOV,3.5469
2026-09-17,SES,0.5622
2026-09-17,NKTX,2.9108
2026-09-17,ESOA,11.16
2026-09-17,ZUMZ,13.4899
2026-09-17,SRI,7.25
2026-09-17,CPSS,9.575
2026-09-17,ANNA,3.0815
2026-09-17,FCAP,61.37
2026-09-17,CZWI,21.25
2026-09-17,EAF,7.845
2026-09-17,MPAA,10.78
2026-09-17,KRRO,13.81
2026-09-17,PEPG,2.93
2026-09-17,MITT,6.38
2026-09-17,CEPL,6.22
2026-09-17,TPVG,4.975
2026-09-17,RBKB,12.92
2026-09-17,GSIT,5.24
2026-09-17,FC,17.795
2026-09-17,TNXP,11.71
2026-09-17,LARK,32.79
2026-09-17,AOUT,15.745
2026-09-17,LODE,2.605
2026-09-17,EXOD,6.55
2026-09-17,STRW,13.952
2026-09-17,BYND,11.46
2026-09-17,ANTX,5.22
2026-09-17,SGC,12.27
2026-09-17,TAYD,60.65
2026-09-17,ALTG,5.98
2026-09-17,QMLS,5.83
2026-09-17,VTN,9.9899
2026-09-17,SRZN,16.535
2026-09-17,GCTS,2.0897
2026-09-17,QUIK,10.44
2026-09-17,ESP,63.68
2026-09-17,CBFV,37.5
2026-09-17,AMPY,4.555
2026-09-17,LCUT,8.21
2026-09-17,VYGR,3.06
2026-09-17,CXDO,5.67
2026-09-17,HNVR,26.69
2026-09-17,AOMR,8.11
2026-09-17,XPOF,3.81
2026-09-17,XGN,7.75
2026-09-17,SAFX,0.4505
2026-09-17,ABOS,2.585
2026-09-17,FNWD,43.14
2026-09-17,CHRS,1.2049
2026-09-17,FT,7.36
2026-09-17,DTIL,6.7
2026-09-17,NUCL,6.19
2026-09-17,ECBK,20.945
2026-09-17,SBFG,29.24
2026-09-17,SSTK,4.948
2026-09-17,DOMO,3.875
2026-09-17,PED,13.7
2026-09-17,UIS,2.49
2026-09-17,GPJA,19.6
2026-09-17,EPSN,5.935
2026-09-17,FINW,12.9452
2026-09-17,MPV,16.95
2026-09-17,MNSBP,25.125
2026-09-17,CIA,3.525
2026-09-17,EU,0.9154
2026-09-17,MNSB,24.97
2026-09-17,MRDN,14.005
2026-09-17,WHLRD,36.0
2026-09-17,BVFL,20.91
2026-09-17,ORGO,1.375
2026-09-17,WHG,18.5
2026-09-17,USBC,0.4536
2026-09-17,EBMT,21.95
2026-09-17,AP,8.4489
2026-09-17,QSI,0.7962
2026-09-17,SKYX,1.28
2026-09-17,IMSRW,1.6252
2026-09-17,NERV,3.6
2026-09-17,OTLK,0.702
2026-09-17,FIRY,10.28
2026-09-17,FLWS,2.655
2026-09-17,CNTN,2.131
2026-09-17,SEVN,7.42
2026-09-17,CURI,2.825
2026-09-17,JELD,1.93
2026-09-17,TONX,3.03
2026-09-17,GNT,9.02
2026-09-17,GRX,9.63
2026-09-17,LUCD,0.8073
2026-09-17,HUMA,0.5903
2026-09-17,DLTH,4.31
2026-09-17,RNA,9.54
2026-09-17,MNOV,3.3
2026-09-17,LFCR,4.27
2026-09-17,LEE,7.235
2026-09-17,LFMD,3.345
2026-09-17,ONEW,9.67
2026-09-17,AIRS,2.235
2026-09-17,DFDV,4.9
2026-09-17,ATOM,4.091
2026-09-17,EML,26.295
2026-09-17,WHF,7.35
2026-09-17,NLOP,10.65
2026-09-17,EARN,4.195
2026-09-17,ARMP,4.23
2026-09-17,WW,15.72
2026-09-17,DVLT,0.1651
2026-09-17,SPRB,54.08
2026-09-17,DOUG,1.705
2026-09-17,RTB,10.7
2026-09-17,SRBK,19.45
2026-09-17,TRAK,8.48
2026-09-17,PIM,3.055
2026-09-17,BSET,17.64
2026-09-17,SITC,2.89
2026-09-17,TNYA,0.6733
2026-09-17,NMRA,0.8001
2026-09-17,BCBP,8.29
2026-09-17,BANX,21.083
2026-09-17,NRXP,3.455
2026-09-17,NAKA,8.34
2026-09-17,HURC,22.995
2026-09-17,NEN,53.5
2026-09-17,QTRX,3.125
2026-09-17,TUSK,3.07
2026-09-17,AUC,6.66
2026-09-17,BRLT,1.445
2026-09-17,PAAC,10.15
2026-09-17,CDXS,1.34
2026-09-17,KRMD,3.17
2026-09-17,ELME,1.645
2026-09-17,CNXU,5.16
2026-09-17,SHIM,3.52
2026-09-17,LSBK,18.5
2026-09-17,DIBS,4.32
2026-09-17,WALD,1.115
2026-09-17,OPRX,7.6125
2026-09-17,EGAN,5.47
2026-09-17,NXG,54.525
2026-09-17,FGBI,8.55
2026-09-17,SJT,3.0323
2026-09-17,RRGB,7.465
2026-09-17,HOFT,13.17
2026-09-17,CRBP,7.2701
2026-09-17,IMUX,10.3
2026-09-17,COOK,50.2
2026-09-17,INTT,10.9
2026-09-17,RGP,4.02
2026-09-17,GHI,5.9196
2026-09-17,ONL,2.445
2026-09-17,DH,0.9605
2026-09-17,CRBU,1.295
2026-09-17,AMTX,1.915
2026-09-17,OXSQ,1.2762
2026-09-17,AGPU,11.785
2026-09-17,CLAR,3.565
2026-09-17,HSDT,2.255
2026-09-17,HCAT,1.81
2026-09-17,INGN,5.095
2026-09-17,HYNE,16.65
2026-09-17,ACNT,14.955
2026-09-17,MED,12.01
2026-09-17,OWLT,4.58
2026-09-17,UNCY,4.795
2026-09-17,SMID,24.94
2026-09-17,TLYS,4.32
2026-09-17,SIF,21.125
2026-09-17,HURA,2.07
2026-09-17,PAL,4.69
2026-09-17,BMEA,1.815
2026-09-17,KVHI,7.245
2026-09-17,STXS,1.31
2026-09-17,OCC,14.79
2026-09-17,LENZ,4.14
2026-09-17,PLBY,1.085
2026-09-17,BOOM,6.32
2026-09-17,NAUT,1.02
2026-09-17,WYY,12.95
2026-09-17,ZSQR,2.44
2026-09-17,EPM,3.585
2026-09-17,NIOBW,0.88
2026-09-17,INO,1.235
2026-09-17,VNCE,9.83
2026-09-17,TISI,27.7
2026-09-17,APYX,3.01
2026-09-17,VTVT,31.87
2026-09-17,CVGI,3.1
2026-09-17,MGYR,19.4
2026-09-17,INSE,4.75
2026-09-17,FGNXP,24.5
2026-09-17,SFBC,48.4601
2026-09-17,MXCT,1.205
2026-09-17,BOTJ,27.35
2026-09-17,AARD,5.66
2026-09-17,CBUS,1.62
2026-09-17,BHR,1.79
2026-09-17,UFI,6.605
2026-09-17,JHS,10.5
2026-09-17,IMDX,3.73
2026-09-17,AXR,22.9001
2026-09-17,OPENW,0.125
2026-09-17,JYNT,8.53
2026-09-17,HDRN,1.68
2026-09-17,WSBK,12.92
2026-09-17,CODA,10.635
2026-09-17,EQ,1.89
2026-09-17,VRA,4.15
2026-09-17,OKUR,2.92
2026-09-17,BEEP,2.85
2026-09-17,UNB,23.735
2026-09-17,RANI,0.8416
2026-09-17,PROV,18.69
2026-09-17,OPHC,9.22
2026-09-17,BSBK,9.11
2026-09-17,HOVNP,19.3979
2026-09-17,SAMG,9.71
2026-09-17,PZG,1.34
2026-09-17,PNBK,0.9643
2026-09-17,XHLD,9.5
2026-09-17,DMRC,5.05
2026-09-17,RVSB,5.62
2026-09-17,KULR,2.445
2026-09-17,HOVR,1.6819
2026-09-17,STHO,9.315
2026-09-17,GNLX,2.48
2026-09-17,BDTX,1.95
2026-09-17,USGO,7.98
2026-09-17,PMVP,1.475
2026-09-17,VERI,1.105
2026-09-17,OESX,27.13
2026-09-17,VANI,1.225
2026-09-17,GGT,4.005
2026-09-17,BYFC,11.88
2026-09-17,RFL,2.115
2026-09-17,NRDY,8.6
2026-09-17,GLU,18.39
2026-09-17,SRG,1.945
2026-09-17,COYA,4.665
2026-09-17,JHI,12.44
2026-09-17,KDKRW,0.54
2026-09-17,FLNT,3.41
2026-09-17,SPWR,0.3444
2026-09-17,CPIX,7.16
2026-09-17,SEER,1.93
2026-09-17,AMPG,3.5199
2026-09-17,ZVIA,1.365
2026-09-17,CABO,18.51
2026-09-17,ECOR,11.64
2026-09-17,FJET,1.905
2026-09-17,VATE,7.66
2026-09-17,EP,2.51
2026-09-17,DWSN,3.3597
2026-09-17,PLYX,2.08
2026-09-17,LAKE,10.41
2026-09-17,KEQU,35.6
2026-09-17,WRAP,1.5934
2026-09-17,ILLU,9.99
2026-09-17,NTHI,3.44
2026-09-17,RDZN,1.2
2026-09-17,GOAI,2.555
2026-09-17,ACR,13.56
2026-09-17,SUNS,7.5
2026-09-17,CGTX,1.0659
2026-09-17,BWEN,4.27
2026-09-17,ETS,2.07
2026-09-17,CRDF,1.295
2026-09-17,NRXS,7.96
2026-09-17,PUSA,3.61
2026-09-17,VENU,1.6803
2026-09-17,MNTS,4.48
2026-09-17,VIRC,6.22
2026-09-17,FDSB,18.52
2026-09-17,PARK,20.35
2026-09-17,ATRA,9.62
2026-09-17,TSQ,5.2536
2026-09-17,GETY,0.23
2026-09-17,MDIA,1.135
2026-09-17,GUTS,0.5981
2026-09-17,FNWB,10.0
2026-09-17,SPAI,4.65
2026-09-17,SIEB,2.3
2026-09-17,BZAI,0.6511
2026-09-17,SLNG,5.04
2026-09-17,ANIX,2.69
2026-09-17,AEYE,7.435
2026-09-17,ULBI,5.6
2026-09-17,RPT,11.9
2026-09-17,AUBN,26.25
2026-09-17,BZFD,1.095
2026-09-17,RLYB,17.18
2026-09-17,HFFG,1.64
2026-09-17,TGEN,3.02
2026-09-17,CCLD,2.1441
2026-09-17,FUSB,16.45
2026-09-17,GRWG,1.53
2026-09-17,ARQ,2.06
2026-09-17,RFIL,8.28
2026-09-17,MGF,2.75
2026-09-17,CPBI,21.435
2026-09-17,NTRB,7.35
2026-09-17,CTOR,0.96
2026-09-17,PFX,46.21
2026-09-17,MHH,7.425
2026-09-17,MMLP,2.27
2026-09-17,GFUZW,1.39
2026-09-17,SKIN,0.6773
2026-09-17,UBCP,15.36
2026-09-17,DTI,2.495
2026-09-17,LNSR,7.16
2026-09-17,ROC,4.6099
2026-09-17,FTLF,9.32
2026-09-17,BCIC,7.055
2026-09-17,ATLX,2.9
2026-09-17,ICCC,9.61
2026-09-17,SLQT,0.4939
2026-09-17,BYRN,3.71
2026-09-17,EIC,9.685
2026-09-17,EMPD,3.05
2026-09-17,LGL,6.795
2026-09-17,EVF,4.88
2026-09-17,LUNG,1.99
2026-09-17,BDL,45.65
2026-09-17,ALDX,1.405
2026-09-17,DTCX,2.1
2026-09-17,SEV,2.075
2026-09-17,ACET,8.9742
2026-09-17,NRT,9.1401
2026-09-17,GCV,4.41
2026-09-17,THRY,1.88
2026-09-17,CHGG,0.7508
2026-09-17,HYPR,0.786
2026-09-17,TELO,1.21
2026-09-17,ASRV,4.87
2026-09-17,NDLS,13.85
2026-09-17,PBHC,16.87
2026-09-17,SSBI,12.38
2026-09-17,FBIO,2.475
2026-09-17,VRCA,4.7899
2026-09-17,AIRT,30.675
2026-09-17,SRFM,0.6631
2026-09-17,ACH,1.055
2026-09-17,INTG,37.65
2026-09-17,MAYS,40.1197
2026-09-17,BSIN,1.5406
2026-09-17,FSEA,17.18
2026-09-17,AUROW,0.0403
2026-09-17,DTF,11.48
2026-09-17,HNNA,10.18
2026-09-17,LNZA,6.145
2026-09-17,IBIO,1.25
2026-09-17,TYGO,1.045
2026-09-17,CPHC,15.44
2026-09-17,LINK,5.0748
2026-09-17,CVRX,3.0
2026-09-17,SERA,2.02
2026-09-17,AMCI,3.41
2026-09-17,FATN,5.6008
2026-09-17,BLNK,0.5424
2026-09-17,BARK,8.69
2026-09-17,SSTI,5.96
2026-09-17,AFCG,3.46
2026-09-17,NEOVW,1.33
2026-09-17,BSEM,4.35
2026-09-17,CPSH,4.0014
2026-09-17,CSPI,7.68
2026-09-17,KLRS,3.25
2026-09-17,LFVN,6.145
2026-09-17,GECC,5.5398
2026-09-17,GANX,1.76
2026-09-17,FEAM,1.85
2026-09-17,UPXI,1.045
2026-09-17,RNXT,1.7
2026-09-17,SCOR,5.05
2026-09-17,ISPR,1.3158
2026-09-17,GLV,5.9436
2026-09-17,SUIG,0.98
2026-09-17,IOR,18.4999
2026-09-17,OPXS,10.8028
2026-09-17,BLUW,10.365
2026-09-17,ACRV,1.7318
2026-09-17,CING,5.1
2026-09-17,CRT,12.3457
2026-09-17,STEX,0.636
2026-09-17,NSTS,14.08
2026-09-17,HFBL,24.2
2026-09-17,TMSWW,1.0
2026-09-17,GOSS,12.0
2026-09-17,NTIC,7.72
2026-09-17,VHUB,0.7505
2026-09-17,UEIC,5.65
2026-09-17,CLST,18.0
2026-09-17,ELOX,17.97
2026-09-17,CEV,10.28
2026-09-17,FACWW,0.6727
2026-09-17,AIRG,5.455
2026-09-17,AIFC,0.5109
2026-09-17,BATL,1.24
2026-09-17,JRSH,5.59
2026-09-17,PRTS,8.78
2026-09-17,AIRJW,0.9401
2026-09-17,PLRX,1.1399
2026-09-17,BTCS,1.345
2026-09-17,RSSS,2.09
2026-09-17,NFE,12.34
2026-09-17,PODC,2.33
2026-09-17,SOTK,4.48
2026-09-17,WWR,0.5471
2026-09-17,RGS,27.97
2026-09-17,GNSS,1.53
2026-09-17,TENX,1.855
2026-09-17,CLSKW,0.27
2026-09-17,OPENL,0.0713
2026-09-17,CVU,5.22
2026-09-17,CSBR,4.94
2026-09-17,GEG,2.2
2026-09-17,DXR,11.715
2026-09-17,INSG,4.16
2026-09-17,IPWR,4.145
2026-09-17,AISP,1.975
2026-09-17,FLL,1.84
2026-09-17,USDEW,2.46
2026-09-17,GEOS,5.15
2026-09-17,XBIT,2.175
2026-09-17,WFCF,13.3001
2026-09-17,OPENZ,0.0681
2026-09-17,USIO,2.31
2026-09-17,SPRO,1.125
2026-09-17,UAVS,1.04
2026-09-17,APLM,22.53
2026-09-17,CAST,1.37
2026-09-17,LONA,6.89
2026-09-17,RNTX,0.7433
2026-09-17,WATT,11.6
2026-09-17,RENT,1.8958
2026-09-17,AVD,2.17
2026-09-17,PDSB,0.8816
2026-09-17,BOLD,2.805
2026-09-17,DIT,64.78
2026-09-17,HOUR,1.79
2026-09-17,FRMM,4.7229
2026-09-17,HWH,2.09
2026-09-17,INVE,2.56
2026-09-17,IH,1.21
2026-09-17,BOF,3.8
2026-09-17,PVL,1.865
2026-09-17,TLPH,1.18
2026-09-17,HRTX,0.3225
2026-09-17,MCHX,1.3631
2026-09-17,TTEC,1.225
2026-09-17,VGAS,1.355
2026-09-17,BBBYW,0.6288
2026-09-17,INV,0.7093
2026-09-17,SOWG,2.9851
2026-09-17,REKR,0.4351
2026-09-17,EXOZ,6.43
2026-09-17,DWTX,1.75
2026-09-17,IMA,5.24
2026-09-17,MYPS,0.4936
2026-09-17,TZOO,5.81
2026-09-17,XLO,9.0
2026-09-17,INKT,11.59
2026-09-17,SGA,9.24
2026-09-17,INMB,2.115
2026-09-17,OM,3.11
2026-09-17,SLSN,0.8272
2026-09-17,SELF,5.105
2026-09-17,SCWO,3.29
2026-09-17,DOMH,2.4001
2026-09-17,VOC,3.417
2026-09-17,PIII,7.95
2026-09-17,NMAD,3.575
2026-09-17,BAER,0.9764
2026-09-17,TELA,1.2695
2026-09-17,LIDR,1.225
2026-09-17,SER,2.25
2026-09-17,SKIL,6.26
2026-09-17,XPL,0.5993
2026-09-17,RPID,1.13
2026-09-17,STI,6.65
2026-09-17,SKYA,1.295
2026-09-17,FBDT,0.9984
2026-09-17,CLPR,3.4434
2026-09-17,FTEK,1.7808
2026-09-17,CIRC,0.485
2026-09-17,TPCS,5.47
2026-09-17,EDSA,4.07
2026-09-17,DLHC,3.78
2026-09-17,OFS,4.06
2026-09-17,COCH,0.701
2026-09-17,HIT,0.8256
2026-09-17,BNAI,7.17
2026-09-17,BGSF,5.0
2026-09-17,HYPD,3.43
2026-09-17,ACFN,21.17
2026-09-17,GENK,1.61
2026-09-17,BRID,5.83
2026-09-17,TACT,5.12
2026-09-17,OPTXW,1.31
2026-09-17,MVIS,1.745
2026-09-17,AGIG,1.19
2026-09-17,VRM,10.0
2026-09-17,GLND,1.1898
2026-09-17,MDAI,1.61
2026-09-17,CLNN,4.0075
2026-09-17,SRTS,3.1
2026-09-17,VHC,12.08
2026-09-17,MYO,1.2838
2026-09-17,NTWK,4.28
2026-09-17,AIRTP,18.93
2026-09-17,STKS,1.5997
2026-09-17,BTMD,1.41
2026-09-17,SEAT,4.3
2026-09-17,HAIN,0.5527
2026-09-17,CNVS,2.11
2026-09-17,TLSIW,0.81
2026-09-17,ANVS,1.1611
2026-09-17,ELTX,1.885
2026-09-17,LASE,0.8098
2026-09-17,TIL,7.23
2026-09-17,TCBS,17.05
2026-09-17,TVGN,7.52
2026-09-17,HCMAW,0.615
2026-09-17,TEAD,0.4964
2026-09-17,PFXNZ,24.083
2026-09-17,IDN,2.37
2026-09-17,RYM,21.82
2026-09-17,LVO,3.5
2026-09-17,IZEA,2.735
2026-09-17,HOWL,0.98
2026-09-17,NEPH,4.37
2026-09-17,HGBL,1.37
2026-09-17,PRPO,26.485
2026-09-17,CATO,2.38
2026-09-17,CULP,3.72
2026-09-17,POCI,4.3
2026-09-17,KFFB,5.8
2026-09-17,WHLRP,9.5
2026-09-17,RDI,2.04
2026-09-17,ELWT,7.01
2026-09-17,CMTL,1.545
2026-09-17,PLCE,2.0601
2026-09-17,XTNT,0.3264
2026-09-17,PAAI,0.9584
2026-09-17,SACH,0.95
2026-09-17,SCLX,5.355
2026-09-17,PROP,0.4021
2026-09-17,STEM,4.71
2026-09-17,LOAN,3.9214
2026-09-17,MBBC,15.134
2026-09-17,MLGO,3.5612
2026-09-17,AVAT,1.0125
2026-09-17,SPWH,1.115
2026-09-17,MGX,1.155
2026-09-17,GAME,3.4
2026-09-17,SDEV,0.8525
2026-09-17,OMEX,0.724
2026-09-17,MCRB,4.23
2026-09-17,GPMT,0.8765
2026-09-17,SCYX,4.23
2026-09-17,RAVE,2.96
2026-09-17,PXLW,6.8542
2026-09-17,XRXDW,0.3124
2026-09-17,VERU,2.385
2026-09-17,SYPR,1.76
2026-09-17,MAMO,0.963
2026-09-17,CELU,1.37
2026-09-17,RMCO,2.6102
2026-09-17,ATNM,1.24
2026-09-17,MLSS,0.4298
2026-09-17,ATYR,0.396
2026-09-17,KPTI,1.71
2026-09-17,PPSI,3.48
2026-09-17,CRVO,2.524
2026-09-17,BODI,5.25
2026-09-17,QTI,2.6
2026-09-17,MIND,4.175
2026-09-17,ATHR,3.1006
2026-09-17,AEI,0.97
2026-09-17,HOLO,1.645
2026-09-17,STRR,10.2
2026-09-17,VTIX,1.1067
2026-09-17,DCGO,0.3783
2026-09-17,XOS,2.62
2026-09-17,XTIA,0.955
2026-09-17,GROW,2.985
2026-09-17,HBIO,8.0325
2026-09-17,BRRWW,0.412
2026-09-17,ELUT,0.8205
2026-09-17,SNWV,4.215
2026-09-17,MLCI,3.2
2026-09-17,STRRP,9.6632
2026-09-17,FGNX,6.9901
2026-09-17,CCEL,4.41
2026-09-17,AERT,6.77
2026-09-17,CREX,2.625
2026-09-17,DXLG,0.64
2026-09-17,NTIP,1.55
2026-09-17,LITS,1.11
2026-09-17,NNVC,1.375
2026-09-17,TOON,0.5613
2026-09-17,FTCI,2.11
2026-09-17,FSP,0.335
2026-09-17,LFT,6.61
2026-09-17,VIP,1.87
2026-09-17,PETS,1.585
2026-09-17,SBCWW,0.334
2026-09-17,HHS,4.59
2026-09-17,CNTX,0.3702
2026-09-17,WKHS,3.11
2026-09-17,FLNA,0.7035
2026-09-17,YDESW,0.475
2026-09-17,XBP,2.8
2026-09-17,NSYS,11.62
2026-09-17,BLNE,1.0
2026-09-17,SST,3.1378
2026-09-17,UG,7.11
2026-09-17,VTSI,2.88
2026-09-17,ALGS,5.21
2026-09-17,COHN,10.05
2026-09-17,KOSS,3.42
2026-09-17,SPRU,1.67
2026-09-17,CNTY,1.1425
2026-09-17,KLXE,1.505
2026-09-17,CVV,4.6
2026-09-17,FIEE,3.7
2026-09-17,RAND,10.62
2026-09-17,GAIA,1.24
2026-09-17,RMTI,7.8006
2026-09-17,PAVM,3.9
2026-09-17,ABVC,1.1677
2026-09-17,BEEM,1.375
2026-09-17,GPUS,0.1753
2026-09-17,BBGI,16.62
2026-09-17,MIRA,0.7284
2026-09-17,KYNB,7.55
2026-09-17,SWAG,1.64
2026-09-17,SLND,0.5561
2026-09-17,COSM,0.2944
2026-09-17,BYSI,0.7185
2026-09-17,DAIO,2.84
2026-09-17,NXTC,6.38
2026-09-17,LVLU,10.11
2026-09-17,QRHC,1.37
2026-09-17,BIRD,2.44
2026-09-17,TAOX,3.815
2026-09-17,FLD,0.52
2026-09-17,IGC,0.273
2026-09-17,FKWL,2.39
2026-09-17,AAME,1.38
2026-09-17,ARAY,0.2355
2026-09-17,ASTI,2.86
2026-09-17,EHTH,0.8698
2026-09-17,RNAZ,1.63
2026-09-17,PRHI,7.36
2026-09-17,KSCP,1.165
2026-09-17,QNCX,27.05
2026-09-17,OCCI,2.365
2026-09-17,CRWS,2.55
2026-09-17,ESLA,0.6308
2026-09-17,DFDVW,0.8344
2026-09-17,CVM,1.54
2026-09-17,NTRP,1.76
2026-09-17,KTCC,2.42
2026-09-17,AWRE,1.19
2026-09-17,LOCL,1.1001
2026-09-17,NXPL,9.47
2026-09-17,SKYQ,2.9
2026-09-17,JOB,0.2329
2026-09-17,MBNKO,25.465
2026-09-17,TXMD,2.18
2026-09-17,PRT,2.04
2026-09-17,CLIR,3.61
2026-09-17,ACTU,1.02
2026-09-17,LIVE,7.945
2026-09-17,NOMA,1.59
2026-09-17,JVA,4.25
2026-09-17,ATOS,2.42
2026-09-17,GIFT,0.6738
2026-09-17,BEAT,0.4154
2026-09-17,DAVEW,1.83
2026-09-17,DFNS,8.13
2026-09-17,TVRD,1.7307
2026-09-17,SNAL,2.57
2026-09-17,CDLX,3.89
2026-09-17,LTRN,1.79
2026-09-17,HOVRW,0.34
2026-09-17,CLRB,2.4
2026-09-17,TCRX,0.356
2026-09-17,COCP,1.15
2026-09-17,BCG,1.2966
2026-09-17,GRDX,3.1
2026-09-17,KRSA,32.94
2026-09-17,MXC,10.717
2026-09-17,CKX,10.51
2026-09-17,TLF,2.632
2026-09-17,NUCLW,0.72
2026-09-17,AYTU,1.98
2026-09-17,AZIO,1.29
2026-09-17,LHAI,1.28
2026-09-17,EXYN,2.66
2026-09-17,MSGM,4.61
2026-09-17,AIXC,1.0
2026-09-17,XLABW,0.23
2026-09-17,FEMY,2.5
2026-09-17,JSPR,0.625
2026-09-17,RVP,0.692
2026-09-17,JAGX,3.09
2026-09-17,MWYN,1.0086
2026-09-17,BZAIW,0.14
2026-09-17,NEUP,3.74
2026-09-17,BNGO,1.7099
2026-09-17,MRKR,1.205
2026-09-17,RKTO,0.801
2026-09-17,ALLR,1.2399
2026-09-17,UONE,4.27
2026-09-17,NXXT,1.17
2026-09-17,UONEK,4.25
2026-09-17,AHT,2.9699
2026-09-17,AIFA,2.99
2026-09-17,MODD,2.35
2026-09-17,SUNE,2.92
2026-09-17,VEEA,6.1101
2026-09-17,MDRR,11.62
2026-09-17,ACCS,4.92
2026-09-17,HSCS,3.92
2026-09-17,INTZ,0.7669
2026-09-17,BFRI,1.25
2026-09-17,FTHM,0.5399
2026-09-17,CTSO,5.855
2026-09-17,BRFH,1.12
2026-09-17,LPCN,2.19
2026-09-17,BCDA,1.19
2026-09-17,SDOT,12.2901
2026-09-17,PTN,9.9
2026-09-17,MOBX,0.9773
2026-09-17,GRML,2.99
2026-09-17,IDAI,3.0982
2026-09-17,FGI,8.99
2026-09-17,OPAD,3.59
2026-09-17,FOXX,2.431
2026-09-17,KTTA,0.5095
2026-09-17,OPTT,1.88
2026-09-17,MDAIW,0.525
2026-09-17,TULP,3.54
2026-09-17,IPM,1.865
2026-09-17,EFOI,2.64
2026-09-17,AIFF,1.06
2026-09-17,DYAI,0.4151
2026-09-17,ZEO,0.2658
2026-09-17,FABC,2.355
2026-09-17,ARKR,4.51
2026-09-17,CTXR,0.5875
2026-09-17,HODO,0.1799
2026-09-17,TOMZ,1.625
2026-09-17,SMSI,2.84
2026-09-17,GTIM,1.5
2026-09-17,ARTW,3.03
2026-09-17,PASG,4.86
2026-09-17,TPST,0.9363
2026-09-17,CNSY,2.0352
2026-09-17,ANNAW,0.2301
2026-09-17,FUSE,0.5295
2026-09-17,MEDS,4.78
2026-09-17,WVVIP,3.065
2026-09-17,BIVI,1.8048
2026-09-17,LSTA,1.69
2026-09-17,UUU,4.96
2026-09-17,MBRX,0.77
2026-09-17,MTEX,7.7282
2026-09-17,DARE,0.758
2026-09-17,CRMT,1.78
2026-09-17,BRN,1.02
2026-09-17,MDBH,2.7
2026-09-17,GWH,0.36
2026-09-17,BTLN,0.6674
2026-09-17,REFR,0.4099
2026-09-17,DLPN,1.07
2026-09-17,GLNDW,0.315
2026-09-17,ADIL,5.24
2026-09-17,HIND,1.96
2026-09-17,CALC,2.0
2026-09-17,ICU,3.095
2026-09-17,GYGY,0.9392
2026-09-17,AISPW,0.392
2026-09-17,EQS,0.96
2026-09-17,ASTC,6.285
2026-09-17,CABR,1.27
2026-09-17,SCNX,0.32
2026-09-17,AIRI,2.7
2026-09-17,GTBP,7.2399
2026-09-17,CJMB,2.265
2026-09-17,INTS,3.9893
2026-09-17,DETX,2.29
2026-09-17,IHT,1.38
2026-09-17,DFLI,0.8595
2026-09-17,NMTC,1.41
2026-09-17,NHTC,1.4938
2026-09-17,ICMB,0.88
2026-09-17,ASBP,9.0
2026-09-17,NAII,1.98
2026-09-17,UPLD,4.2
2026-09-17,AIMD,1.45
2026-09-17,CETY,1.0171
2026-09-17,ATER,0.6838
2026-09-17,BTOC,0.27
2026-09-17,ARAI,0.2339
2026-09-17,ILLR,0.59
2026-09-17,FLUX,0.5503
2026-09-17,AEON,0.2382
2026-09-17,BBLGW,4.3
2026-09-17,MPU,3.45
2026-09-17,KPRX,2.65
2026-09-17,VWAV,0.3867
2026-09-17,NTRBW,0.958
2026-09-17,PHIO,0.9991
2026-09-17,NIXX,0.3955
2026-09-17,AENTW,0.2199
2026-09-17,CLRO,4.19
2026-09-17,SINT,1.68
2026-09-17,CYN,0.7267
2026-09-17,GYRO,5.05
2026-09-17,FNGR,0.1474
2026-09-17,EDUC,1.3
2026-09-17,IRIX,0.63
2026-09-17,ADGM,0.4976
2026-09-17,IQST,1.01
2026-09-17,SLE,4.45
2026-09-17,AEMD,6.84
2026-09-17,PRPL,2.52
2026-09-17,BENF,0.7076
2026-09-17,BLIN,0.865
2026-09-17,INAB,1.1
2026-09-17,HCTI,0.7212
2026-09-17,CISO,0.236
2026-09-17,CYCU,3.32
2026-09-17,JCTC,3.04
2026-09-17,TOVX,0.233
2026-09-17,SEGG,3.28
2026-09-17,BTBD,1.72
2026-09-17,FBLG,1.585
2026-09-17,MYSE,2.025
2026-09-17,FFAI,1.76
2026-09-17,BNKK,1.311
2026-09-17,BMRA,2.28
2026-09-17,KALA,0.5408
2026-09-17,VTGN,0.2349
2026-09-17,MSAI,4.7
2026-09-17,MTVA,1.57
2026-09-17,LNAI,2.25
2026-09-17,QNME,0.2931
2026-09-17,AWX,2.57
2026-09-17,SNTI,0.3199
2026-09-17,MSN,0.472
2026-09-17,SMXT,2.06
2026-09-17,INUV,0.5911
2026-09-17,SURG,0.1835
2026-09-17,MGRX,0.4499
2026-09-17,AMS,1.45
2026-09-17,HDRNW,0.1348
2026-09-17,SQFTP,6.675
2026-09-17,CVR,9.85
2026-09-17,AMOD,1.9
2026-09-17,WVVI,1.9
2026-09-17,APRE,0.7458
2026-09-17,DAIC,4.765
2026-09-17,VRME,0.7006
2026-09-17,LGVN,2.8624
2026-09-17,ENSC,0.4608
2026-09-17,MARPS,4.45
2026-09-17,SPWRW,0.0285
2026-09-17,ALZN,1.8391
2026-09-17,RDZNW,0.1042
2026-09-17,XCUR,1.35
2026-09-17,BAERW,0.15
2026-09-17,INHD,3.46
2026-09-17,BURU,0.9371
2026-09-17,TRAW,0.5498
2026-09-17,SNGX,0.3853
2026-09-17,RMCF,0.885
2026-09-17,AMIX,4.2596
2026-09-17,AQMS,2.3383
2026-09-17,NDRA,5.54
2026-09-17,BFRG,0.4476
2026-09-17,AIRE,1.3701
2026-09-17,OBAI,0.2702
2026-09-17,RAIN,0.6899
2026-09-17,IMNN,1.4297
2026-09-17,AMSS,0.688
2026-09-17,BIAF,6.73
2026-09-17,XWEL,0.9098
2026-09-17,CNSP,5.34
2026-09-17,ACXP,1.4
2026-09-17,SKYE,1.73
2026-09-17,LUCY,0.88
2026-09-17,ACON,2.6244
2026-09-17,AUID,0.4504
2026-09-17,DSS,0.7371
2026-09-17,CMCT,2.465
2026-09-17,ENVB,1.6
2026-09-17,PRSO,0.4744
2026-09-17,GXAI,0.6432
2026-09-17,BOLT,3.6
2026-09-17,YHGJ,2.6501
2026-09-17,AMST,1.05
2026-09-17,CODX,0.9779
2026-09-17,REBN,0.7866
2026-09-17,QCLS,0.809
2026-09-17,CURX,4.22
2026-09-17,DTST,2.82
2026-09-17,SGLY,1.2191
2026-09-17,BGMS,0.9901
2026-09-17,INBS,1.97
2026-09-17,NVNO,9.0
2026-09-17,XELB,0.9448
2026-09-17,ERNA,3.76
2026-09-17,CXAI,2.605
2026-09-17,NWTG,1.1201
2026-09-17,CDIO,2.045
2026-09-17,SNOA,1.26
2026-09-17,AIDX,0.4675
2026-09-17,EEIQ,3.6052
2026-09-17,MITQ,0.59
2026-09-17,AUUD,0.9902
2026-09-17,AQB,1.1151
2026-09-17,AMPGZ,0.1908
2026-09-17,GDC,1.37
2026-09-17,CELZ,0.8612
2026-09-17,POLA,1.2699
2026-09-17,VIVK,0.6623
2026-09-17,XBIO,2.31
2026-09-17,LESL,0.5583
2026-09-17,YCBD,0.4651
2026-09-17,PCSA,1.86
2026-09-17,VEEE,8.76
2026-09-17,PULM,1.392
2026-09-17,XPON,5.01
2026-09-17,ZNB,1.3799
2026-09-17,CWD,0.4878
2026-09-17,FCUV,5.11
2026-09-17,OLB,0.2036
2026-09-17,JTAI,1.352
2026-09-17,TWAV,1.24
2026-09-17,SLDPW,0.021
2026-09-17,KITT,0.638
2026-09-17,LABT,2.01
2026-09-17,EZRA,2.79
2026-09-17,DRMA,1.14
2026-09-17,MTR,2.45
2026-09-17,PMCB,0.4206
2026-09-17,LIMN,3.35
2026-09-17,SONM,3.01
2026-09-17,TRNR,2.76
2026-09-17,CETX,2.585
2026-09-17,VIVS,0.2682
2026-09-17,SNES,0.815
2026-09-17,HYFM,0.9067
2026-09-17,BNCWZ,0.1061
2026-09-17,RENX,1.65
2026-09-17,TGL,2.2323
2026-09-17,SCKT,0.5213
2026-09-17,RMSG,0.2632
2026-09-17,STLNW,0.0417
2026-09-17,NXL,5.08
2026-09-17,TNON,4.03
2026-09-17,COCHW,0.0529
2026-09-17,GWAV,2.63
2026-09-17,KUST,0.6171
2026-09-17,CVKD,1.115
2026-09-17,JUNS,3.01
2026-09-17,CAPS,0.1824
2026-09-17,FLDDW,0.0707
2026-09-17,SDST,0.2657
2026-09-17,GRI,1.75
2026-09-17,GBR,0.7363
2026-09-17,DBGI,4.035
2026-09-17,MKZR,1.35
2026-09-17,ELAB,4.61
2026-09-17,REVB,0.935
2026-09-17,MBIO,0.491
2026-09-17,BKYI,2.585
2026-09-17,BJDX,0.8301
2026-09-17,BRTX,2.66
2026-09-17,IVDA,0.2927
2026-09-17,RIME,0.2141
2026-09-17,HCWB,1.97
2026-09-17,GOVX,0.3942
2026-09-17,NUWE,0.9799
2026-09-17,SXTP,0.9632
2026-09-17,SHPH,3.265
2026-09-17,ISPC,1.33
2026-09-17,TCRT,1.3
2026-09-17,VVOS,0.1638
2026-09-17,APVO,1.819
2026-09-17,BOXL,4.45
2026-09-17,NCPL,0.41
2026-09-17,SILO,1.7901
2026-09-17,YYAI,0.6827
2026-09-17,XAIR,3.12
2026-09-17,EXYNW,0.37
2026-09-17,ONCO,0.6641
2026-09-17,CSAI,3.29
2026-09-17,VBIO,2.175
2026-09-17,GNPX,3.4068
2026-09-17,FLYE,1.68
2026-09-17,EDBL,1.39
2026-09-17,KIDZ,3.15
2026-09-17,BIVIW,0.31
2026-09-17,CDT,0.19
2026-09-17,NXGL,0.2617
2026-09-17,PW,6.94
2026-09-17,IPDN,3.7972
2026-09-17,CRIS,1.18
2026-09-17,RMCOW,0.1574
2026-09-17,IVF,0.9358
2026-09-17,PWCM,0.9499
2026-09-17,OGEN,0.5068
2026-09-17,MTNB,0.1555
2026-09-17,CHGA,2.01
2026-09-17,ONFO,0.8787
2026-09-17,MOBXW,0.12
2026-09-17,ARTL,3.86
2026-09-17,IPST,2.83
2026-09-17,SHFS,0.16
2026-09-17,TRUG,0.4191
2026-09-17,DCOY,2.95
2026-09-17,IPW,1.9378
2026-09-17,SQFT,1.29
2026-09-17,GNLN,2.64
2026-09-17,WHLR,0.3694
2026-09-17,GCTK,2.24
2026-09-17,VWAVW,0.058
2026-09-17,YHC,1.2746
2026-09-17,FUSEW,0.0549
2026-09-17,SNYR,0.1061
2026-09-17,BFRGW,0.085
2026-09-17,SKYAW,0.0349
2026-09-17,LRHC,2.69
2026-09-17,SGRX,1.7801
2026-09-17,PGYWW,0.0173
2026-09-17,BBLG,0.5075
2026-09-17,UK,2.0526
2026-09-17,DRCT,1.7
2026-09-17,OLOX,0.8104
2026-09-17,MSS,1.5599
2026-09-17,SMTK,2.3
2026-09-17,ZEOWW,0.0205
2026-09-17,SABSW,0.014
2026-09-17,GIPR,0.4136
2026-09-17,XXII,1.74
2026-09-17,ILLRW,0.06
2026-09-17,RKDA,0.47
2026-09-17,PFSA,1.8045
2026-09-17,SDSTW,0.0752
2026-09-17,VGASW,0.023
2026-09-17,SCLXW,0.1187
2026-09-17,GRMLW,0.1492
2026-09-17,HOLOW,0.0355
2026-09-17,AIMDW,0.0869
2026-09-17,WALDW,0.005
2026-09-17,FRGT,1.05
2026-09-17,BNAIW,0.07
2026-09-17,RMSGW,0.0306
2026-09-17,KLXER,0.022
2026-09-17,BNCWW,0.011
2026-09-17,BEATW,0.008
2026-09-17,HSCSW,0.09
2026-09-17,BZFDW,0.0048
2026-09-17,BTBDW,0.0548
2026-09-17,LUCYW,0.0391
2026-09-17,TVGNW,0.0516
2026-09-17,DFLIW,0.0218
2026-09-17,BFRIW,0.0206
2026-09-17,PDYNW,0.0055
2026-09-17,SEATW,0.022
2026-09-17,VEEAW,0.07
2026-09-17,LNZAW,0.0149
2026-09-17,BIAFW,0.1615
2026-09-17,CTNT,0.0571
2026-09-17,DFNSW,0.0623
2026-09-17,CDTTW,0.0127
2026-09-17,CYCUW,0.0419
2026-09-17,BENFW,0.0086
2026-09-17,NXGLW,0.0135
2026-09-17,AMODW,0.0255
2026-09-17,SXTPW,0.0352
2026-09-17,SHFSW,0.0093
2026-09-17,JSPRW,0.0031
2026-09-17,FGIWW,0.05
2026-09-17,KITTW,0.012
2026-09-17,SWAGW,0.0048
2026-09-17,CXAIW,0.0337
2026-09-17,ACONW,0.0256
2026-09-17,ICUCW,0.0164
2026-09-17,EDBLW,0.0301
2026-09-17,LIMNW,0.0437
2026-09-17,ERNAW,0.0313
2026-09-17,PIIIW,0.0068
2026-09-17,REVBW,0.0091
2026-09-17,APLMW,0.0116
2026-09-17,CDIOW,0.0102
2026-09-17,MSAIW,0.0134
2026-09-17,DAICW,0.0131
2026-09-17,ONFOW,0.009
2026-09-17,SQFTW,0.013
2026-09-17,ASBPW,0.0132
2026-09-17,LTRYW,0.0042
2026-09-17,TNONW,0.0069
2026-09-17,FGSN,20.4
2026-09-17,EMO,53.965
2026-09-17,FFA,22.835
2026-09-17,ASGI,20.505
2026-09-17,EMIS,10.25
2026-09-17,FFC,15.62
2026-09-17,USA,5.88
2026-09-17,AWP,10.94
2026-09-17,UTF,25.0249
2026-09-17,ASG,5.0
2026-09-17,FDMM,9.86
2026-09-17,FDMMW,0.3
2026-09-17,FAX,13.845
2026-09-17,EMD,9.9699
2026-09-17,EMF,22.2986
2026-09-17,FGIIU,10.11
2026-09-17,AWF,9.955
2026-09-17,ELLA,24.94
2026-09-17,FGII,10.02
2026-09-17,ALFUW,0.28
2026-09-17,EGHA,10.392
2026-09-17,ALF,10.8
2026-09-17,ALDFW,0.2601
2026-09-17,FIGXW,0.1795
2026-09-17,FIGX,10.321
2026-09-17,BACCU,10.89
2026-09-17,ALISU,10.79
2026-09-17,EHI,5.57
2026-09-17,EDF,5.2679
2026-09-17,ALISR,0.8
2026-09-17,FGIIW,0.1633
2026-09-17,EURKR,0.37
2026-09-17,EURK,11.33
2026-09-17,ATIIU,11.3
2026-09-17,ATIIW,1.29
2026-09-17,ETY,13.985
2026-09-17,ETJ,8.2
2026-09-17,ETG,23.0596
2026-09-17,ATII,10.66
2026-09-17,EWAV,9.9
2026-09-17,EVV,8.695
2026-09-17,XIIIU,10.592
2026-09-17,EVT,27.8501
2026-09-17,ERC,8.82
2026-09-17,EVOXU,10.28
2026-09-17,ATLQ,9.98
2026-09-17,ALIS,10.29
2026-09-17,ATLQW,0.05
2026-09-17,ATLQU,10.135
2026-09-17,FACT,10.71
2026-09-17,FACTW,0.175
2026-09-17,EWAVU,10.04
2026-09-17,EXG,9.6002
2026-09-17,AVK,12.035
2026-09-17,EVOX,10.12
2026-09-17,UYSC,11.0
2026-09-17,VBF,14.415
2026-09-17,UYSCR,0.0929
2026-09-17,EVG,10.22
2026-09-17,XELLL,21.79
2026-09-17,EOI,19.6
2026-09-17,ATLQR,0.15
2026-09-17,EOD,6.44
2026-09-17,UTG,36.2
2026-09-17,AACPR,0.1502
2026-09-17,AACP,10.07
2026-09-17,GOF,8.565
2026-09-17,SBI,7.29
2026-09-17,GLQ,7.76
2026-09-17,APMCR,0.0988
2026-09-17,GIX,10.04
2026-09-17,GIXXR,0.26
2026-09-17,GJH,9.45
2026-09-17,EIM,9.13
2026-09-17,YICCW,0.38
2026-09-17,YICC,9.93
2026-09-17,GJP,24.25
2026-09-17,GJR,24.555
2026-09-17,GJT,23.22
2026-09-17,GLO,5.53
2026-09-17,GGN,5.4325
2026-09-17,GHXI,9.99
2026-09-17,GHXIW,0.6
2026-09-17,GHY,11.24
2026-09-17,GJO,24.8
2026-09-17,SDHIU,10.6201
2026-09-17,TWLV,10.07
2026-09-17,TWLVR,0.0797
2026-09-17,TWN,99.97
2026-09-17,TWOD,26.265
2026-09-17,GSHR,10.54
2026-09-17,GSRF,10.23
2026-09-17,SDHI,10.53
2026-09-17,GSRV,9.9
2026-09-17,GTEN,10.53
2026-09-17,GPATW,0.1121
2026-09-17,GTENW,0.6513
2026-09-17,GRF,10.4
2026-09-17,SCPQ,10.03
2026-09-17,ZTR,6.365
2026-09-17,ZKPW,0.2934
2026-09-17,AACPW,0.1
2026-09-17,GPAC,10.06
2026-09-17,GPACU,10.18
2026-09-17,GPACW,0.171
2026-09-17,GPAT,11.15
2026-09-17,GTENU,10.65
2026-09-17,FWACR,0.1601
2026-09-17,FWACU,10.24
2026-09-17,FXAC,10.08
2026-09-17,AACIW,0.235
2026-09-17,FXACU,10.14
2026-09-17,FSSL,11.78
2026-09-17,ARCI,10.1
2026-09-17,FSHP,11.305
2026-09-17,FSHPR,0.0853
2026-09-17,ZKPU,10.24
2026-09-17,XSLLU,10.07
2026-09-17,XSLL,9.99
2026-09-17,FMAC,10.06
2026-09-17,FMY,11.395
2026-09-17,XRPNW,1.28
2026-09-17,XRPNU,10.93
2026-09-17,FJDIU,10.005
2026-09-17,FLC,16.09
2026-09-17,XRPN,10.55
2026-09-17,ARTC,10.0
2026-09-17,FPF,16.95
2026-09-17,GIW,10.16
2026-09-17,GIWWR,0.25
2026-09-17,GF,11.105
2026-09-17,GDL,8.37
2026-09-17,GDO,9.84
2026-09-17,GECCG,24.47
2026-09-17,GECCH,24.94
2026-09-17,GECCI,25.03
2026-09-17,ZKP,10.04
2026-09-17,GCGR,10.135
2026-09-17,APMCU,10.02
2026-09-17,APACU,10.39
2026-09-17,APACR,0.12
2026-09-17,APAC,10.225
2026-09-17,GAING,25.18
2026-09-17,GAINI,25.446
2026-09-17,AOMN,25.39
2026-09-17,AOMD,25.225
2026-09-17,AOD,10.4512
2026-09-17,FVAV,10.2856
2026-09-17,FWAC,9.94
2026-09-17,GCGRW,0.7
2026-09-17,BLUWU,10.5
2026-09-17,VVR,2.895
2026-09-17,BLRK,10.125
2026-09-17,CHI,12.185
2026-09-17,CHPG,10.44
2026-09-17,CHPGR,0.1303
2026-09-17,CGCF,9.815
2026-09-17,CGCFU,9.9
2026-09-17,CGCFW,0.31
2026-09-17,TVIV,9.945
2026-09-17,CHAR,10.99
2026-09-17,BPAC,10.19
2026-09-17,CEE,19.76
2026-09-17,BOE,12.29
2026-09-17,CEPF,10.375
2026-09-17,CEPO,10.765
2026-09-17,CEPS,10.35
2026-09-17,CEPV,10.36
2026-09-17,BREZ,10.07
2026-09-17,CGO,12.72
2026-09-17,CRF,6.095
2026-09-17,BLZRU,10.29
2026-09-17,ACAA,9.99
2026-09-17,ACAAW,0.756
2026-09-17,ACGC,10.06
2026-09-17,CRAN,10.11
2026-09-17,CRANR,0.17
2026-09-17,CRANU,10.31
2026-09-17,CRAQ,10.38
2026-09-17,ACGCW,0.4001
2026-09-17,CRBD,21.27
2026-09-17,BLZR,10.22
2026-09-17,CLM,6.315
2026-09-17,CIMO,25.27
2026-09-17,CIMP,25.05
2026-09-17,CHW,8.19
2026-09-17,CHY,12.37
2026-09-17,CICB,24.88
2026-09-17,CICC,24.67
2026-09-17,CIK,2.365
2026-09-17,CRAQU,10.5001
2026-09-17,CCAQW,0.2328
2026-09-17,CCCT,9.83
2026-09-17,CCCTU,9.9422
2026-09-17,CATL,9.87
2026-09-17,CATLR,0.19
2026-09-17,CATLU,10.01
2026-09-17,CAPN,11.29
2026-09-17,CAPNR,0.09
2026-09-17,CAPNU,11.17
2026-09-17,BRKHU,10.09
2026-09-17,CAQ,9.99
2026-09-17,BTT,22.16
2026-09-17,WIA,7.7901
2026-09-17,CAES,10.08
2026-09-17,BTO,37.66
2026-09-17,CAF,18.28
2026-09-17,BWG,7.3313
2026-09-17,CAII,9.98
2026-09-17,CAIIW,0.1679
2026-09-17,BUI,25.64
2026-09-17,CCXI,12.37
2026-09-17,CCXIU,12.5
2026-09-17,CCXIW,6.1
2026-09-17,BRKH,10.01
2026-09-17,BREZR,0.283
2026-09-17,WLII,10.26
2026-09-17,CCCTW,0.37
2026-09-17,CCD,23.46
2026-09-17,CCII,10.31
2026-09-17,CCAQ,10.7
2026-09-17,WIW,8.18
2026-09-17,CCIIW,0.7
2026-09-17,BRW,6.255
2026-09-17,WDI,12.3199
2026-09-17,BRTMU,9.99
2026-09-17,BRTM,9.84
2026-09-17,BSL,13.0
2026-09-17,WEA,10.135
2026-09-17,WENN,10.395
2026-09-17,WENNW,0.31
2026-09-17,CCIIU,10.4701
2026-09-17,DTSQU,11.49
2026-09-17,BEAGR,0.2101
2026-09-17,DUKU,49.15
2026-09-17,BEAG,10.9
2026-09-17,VHCP,10.09
2026-09-17,BDCI,10.16
2026-09-17,DSM,5.49
2026-09-17,DSU,9.1
2026-09-17,DTK,21.74
2026-09-17,ALPXU,10.1701
2026-09-17,DTSQR,0.105
2026-09-17,DPG,13.61
2026-09-17,DRDB,10.67
2026-09-17,DRDBU,10.72
2026-09-17,DRDBW,0.15
2026-09-17,BHAV,10.02
2026-09-17,BGY,5.775
2026-09-17,VLOS,10.67
2026-09-17,BGT,10.72
2026-09-17,DTSQ,11.5
2026-09-17,EEA,10.79
2026-09-17,BACCR,0.65
2026-09-17,BACC,10.6
2026-09-17,EFR,10.3584
2026-09-17,BBN,14.96
2026-09-17,BCV,23.85
2026-09-17,VGI,6.97
2026-09-17,ECCU,24.9901
2026-09-17,ECF,12.19
2026-09-17,ALOVW,0.3684
2026-09-17,BCCQU,10.27
2026-09-17,BCCQ,9.975
2026-09-17,XCBE,10.01
2026-09-17,EDD,5.641
2026-09-17,DYNC,10.89
2026-09-17,DYNCW,0.12
2026-09-17,DYOR,10.16
2026-09-17,EAD,6.19
2026-09-17,ALOV,9.99
2026-09-17,ALOVU,10.06
2026-09-17,BCCQW,0.959
2026-09-17,DBL,13.8711
2026-09-17,DAAQ,10.46
2026-09-17,DAAQW,0.14
2026-09-17,BHV,12.78
2026-09-17,BHK,8.595
2026-09-17,BKHAR,1.3
2026-09-17,BKHA,11.99
2026-09-17,CXII,10.75
2026-09-17,CXIIW,2.0
2026-09-17,VLOSU,10.81
2026-09-17,CUBWW,0.18
2026-09-17,BIXI,10.095
2026-09-17,CTAA,9.96
2026-09-17,CTAAR,0.1999
2026-09-17,CTAAU,10.12
2026-09-17,AMAN,10.62
2026-09-17,BIT,11.605
2026-09-17,BKHAU,12.0
2026-09-17,ALPX,9.95
2026-09-17,BLZRW,0.3
2026-09-17,BIXIW,0.35
2026-09-17,VLT,9.42
2026-09-17,DNMX,10.07
2026-09-17,DNMXW,0.2225
2026-09-17,DNP,10.165
2026-09-17,BGH,13.66
2026-09-17,DMAA,10.84
2026-09-17,DMAAR,0.1272
2026-09-17,DMII,10.16
2026-09-17,BGB,11.225
2026-09-17,BID,9.9
2026-09-17,DMIIU,10.1999
2026-09-17,DMO,9.77
2026-09-17,DHF,2.2632
2026-09-17,DHY,1.635
2026-09-17,BIDWU,10.0
2026-09-17,BIDWR,0.14
2026-09-17,VNME,10.3
2026-09-17,VNMEW,0.2405
2026-09-17,DBCA,10.05
2026-09-17,DBCAW,0.3699
2026-09-17,DMIIR,0.075
2026-09-17,OHAC,9.99
2026-09-17,OHACR,0.25
2026-09-17,OHACU,10.24
2026-09-17,OIM,10.13
2026-09-17,OIMAW,0.72
2026-09-17,OCCIM,25.0934
2026-09-17,OCLT,9.88
2026-09-17,OCLTR,0.2
2026-09-17,OCLTU,10.25
2026-09-17,OCLTW,0.04
2026-09-17,NZF,11.46
2026-09-17,IGD,6.375
2026-09-17,OACCU,10.9988
2026-09-17,SORNW,0.2
2026-09-17,SPE,13.12
2026-09-17,SPEG,10.36
2026-09-17,SPEGR,0.16
2026-09-17,SPEGU,10.48
2026-09-17,NUW,13.33
2026-09-17,NVG,11.495
2026-09-17,NTWO,10.9
2026-09-17,NTWOW,1.09
2026-09-17,NUV,8.5873
2026-09-17,SPKL,11.59
2026-09-17,OACC,10.7712
2026-09-17,PALO,10.078
2026-09-17,PALOU,10.05
2026-09-17,PALOW,0.32
2026-09-17,OXSQH,25.15
2026-09-17,OYSE,10.38
2026-09-17,OYSER,0.12
2026-09-17,PACH,10.34
2026-09-17,OXLCG,24.84
2026-09-17,OXLCI,25.28
2026-09-17,OSPR,9.83
2026-09-17,OSPRU,9.98
2026-09-17,OSPRW,0.3225
2026-09-17,SORN,10.02
2026-09-17,OTGAW,0.3001
2026-09-17,OPP,7.115
2026-09-17,SOCA,10.345
2026-09-17,SOCAW,0.195
2026-09-17,ADAC,10.09
2026-09-17,ADAMG,24.895
2026-09-17,ADAMH,25.11
2026-09-17,ONCH,10.32
2026-09-17,ONCHU,10.42
2026-09-17,ONCHW,0.49
2026-09-17,ADAMK,25.0281
2026-09-17,SOJF,23.77
2026-09-17,OTGA,10.25
2026-09-17,SSAC,10.1
2026-09-17,SSACR,0.18
2026-09-17,SSACW,0.06
2026-09-17,SSEA,10.34
2026-09-17,NMAI,13.9035
2026-09-17,NMI,9.825
2026-09-17,NML,10.475
2026-09-17,NMP,10.36
2026-09-17,NMPAR,0.2449
2026-09-17,NMS,10.38
2026-09-17,NMT,11.08
2026-09-17,NMZ,9.4899
2026-09-17,SPKLW,1.19
2026-09-17,NKX,11.36
2026-09-17,NFJ,15.23
2026-09-17,NHIC,9.5
2026-09-17,NHICW,1.1
2026-09-17,NHIV,10.05
2026-09-17,NHS,5.665
2026-09-17,NEWTH,25.29
2026-09-17,NEWTO,25.995
2026-09-17,STEW,18.12
2026-09-17,STK,52.13
2026-09-17,NCO,9.92
2026-09-17,NCOOU,10.285
2026-09-17,NIM,8.92
2026-09-17,SPXX,18.565
2026-09-17,NRK,9.805
2026-09-17,NRO,2.74
2026-09-17,NRUC,20.875
2026-09-17,NSAI,9.87
2026-09-17,NSAIR,0.1501
2026-09-17,NSAIU,10.04
2026-09-17,NSAIW,0.05
2026-09-17,NPAC,10.48
2026-09-17,NPACU,10.5
2026-09-17,NPACW,0.2335
2026-09-17,NPCT,9.56
2026-09-17,AFB,10.205
2026-09-17,NPV,9.84
2026-09-17,SRJN,21.935
2026-09-17,SRV,44.4212
2026-09-17,AFJK,12.2
2026-09-17,NNY,7.86
2026-09-17,NOEM,10.58
2026-09-17,NOEMR,0.17
2026-09-17,NOEMU,12.5
2026-09-17,NOEMW,0.11
2026-09-17,AESP,9.98
2026-09-17,AESPR,0.18
2026-09-17,AESPU,10.17
2026-09-17,NPFD,17.72
2026-09-17,RTAC,10.43
2026-09-17,RTACU,10.73
2026-09-17,RTACW,0.65
2026-09-17,RREV,9.91
2026-09-17,RNAQW,0.5
2026-09-17,RNGT,10.18
2026-09-17,RNGTW,0.28
2026-09-17,RNAQ,10.12
2026-09-17,RNAQU,10.24
2026-09-17,RIV,10.559
2026-09-17,RDAGW,0.28
2026-09-17,PAI,11.7
2026-09-17,RCG,3.04
2026-09-17,RCS,4.89
2026-09-17,RDAG,10.45
2026-09-17,ADAMO,24.85
2026-09-17,SHOT,9.86
2026-09-17,SHOTR,0.12
2026-09-17,SHOTU,9.97
2026-09-17,RA,11.96
2026-09-17,RACC,11.0
2026-09-17,RACD,11.75
2026-09-17,RANG,10.84
2026-09-17,RANGR,0.28
2026-09-17,RCD,23.1
2026-09-17,AACI,10.04
2026-09-17,APMC,9.97
2026-09-17,ARCL,10.0
2026-09-17,ARCLU,10.22
2026-09-17,ARCLW,0.0637
2026-09-17,APUR,10.02
2026-09-17,APURR,0.3398
2026-09-17,APXT,10.135
2026-09-17,APXTW,0.2901
2026-09-17,XTER,9.81
2026-09-17,XTERU,9.9
2026-09-17,XTERW,0.25
2026-09-17,RWTS,22.1
2026-09-17,SCATU,10.04
2026-09-17,SCD,15.16
2026-09-17,SCII,10.1301
2026-09-17,SAV,24.6
2026-09-17,SAX,24.95
2026-09-17,SAAQ,10.09
2026-09-17,SAAQU,10.2499
2026-09-17,SAAQW,0.57
2026-09-17,SABA,8.05
2026-09-17,RWAYI,24.5
2026-09-17,RWTP,23.48
2026-09-17,RWTQ,22.01
2026-09-17,ARCIW,0.42
2026-09-17,PGAC,10.71
2026-09-17,PGP,8.41
2026-09-17,PHK,4.305
2026-09-17,PFL,7.15
2026-09-17,PFLA,24.7
2026-09-17,PFN,6.505
2026-09-17,PFO,8.9
2026-09-17,PFD,11.04
2026-09-17,ADX,25.72
2026-09-17,AEFC,18.1118
2026-09-17,PECE,10.0
2026-09-17,PECER,0.36
2026-09-17,QQQX,29.92
2026-09-17,PEO,28.815
2026-09-17,PDT,12.105
2026-09-17,PCAP,10.37
2026-09-17,PCAPU,10.4501
2026-09-17,PCAPW,0.3
2026-09-17,PCF,5.375
2026-09-17,PCM,5.055
2026-09-17,PCN,11.265
2026-09-17,PCQ,8.24
2026-09-17,PAXS,13.39
2026-09-17,PACHU,10.3801
2026-09-17,PACHW,0.13
2026-09-17,PECEU,10.4
2026-09-17,QSEA,10.635
2026-09-17,QSEAR,0.21
2026-09-17,QUMS,10.34
2026-09-17,QADR,9.98
2026-09-17,QETA,11.85
2026-09-17,SIMA,11.19
2026-09-17,SIMAW,0.155
2026-09-17,PTY,11.335
2026-09-17,PWRL,11.05
2026-09-17,PYT,23.77
2026-09-17,PTAC,9.96
2026-09-17,PTACU,10.04
2026-09-17,PLMKW,0.359
2026-09-17,PTORW,0.31
2026-09-17,POLE,10.72
2026-09-17,POLEW,0.1399
2026-09-17,PML,6.89
2026-09-17,PMTR,10.4151
2026-09-17,PMTRW,0.68
2026-09-17,PMTV,25.33
2026-09-17,PMTW,25.16
2026-09-17,PNI,6.475
2026-09-17,PLCI,9.89
2026-09-17,PLCIU,10.12
2026-09-17,PLMK,10.71
2026-09-17,PTOR,9.98
2026-09-17,JBK,25.32
2026-09-17,ITHA,10.05
2026-09-17,ITHAW,0.12
2026-09-17,ISNR,9.83
2026-09-17,ISNRU,9.94
2026-09-17,ISNRW,0.29
2026-09-17,IRHO,10.06
2026-09-17,IRHOR,0.1852
2026-09-17,ISD,11.97
2026-09-17,IPFX,10.03
2026-09-17,IPFXU,10.37
2026-09-17,NEA,10.55
2026-09-17,IPHXU,10.099
2026-09-17,IPVV,9.84
2026-09-17,IPVVU,9.95
2026-09-17,IPXG,10.06
2026-09-17,IPXGW,0.65
2026-09-17,ACP,4.685
2026-09-17,IPEXR,0.515
2026-09-17,IPEXU,10.24
2026-09-17,INAC,10.35
2026-09-17,INACR,0.0801
2026-09-17,IHD,7.59
2026-09-17,IIF,22.17
2026-09-17,IPFXW,0.9999
2026-09-17,KCHV,10.44
2026-09-17,KCHVU,10.52
2026-09-17,KEYY,9.92
2026-09-17,TLAC,9.89
2026-09-17,TLACU,9.99
2026-09-17,TLACW,0.2
2026-09-17,TLNC,10.21
2026-09-17,JTTT,10.95
2026-09-17,JLS,16.42
2026-09-17,JMM,5.62
2026-09-17,JOF,12.51
2026-09-17,JONE,9.8201
2026-09-17,JATT,12.44
2026-09-17,JONEU,10.0
2026-09-17,JPC,7.045
2026-09-17,JQC,4.695
2026-09-17,JRI,11.53
2026-09-17,JRS,7.69
2026-09-17,TMTS,10.06
2026-09-17,TMUSI,19.96
2026-09-17,TMUSL,22.035
2026-09-17,TMUSZ,19.57
2026-09-17,JCE,16.595
2026-09-17,JFR,7.465
2026-09-17,JGH,11.995
2026-09-17,JONER,0.15
2026-09-17,HVMCW,0.1905
2026-09-17,HTD,24.2618
2026-09-17,HPS,13.025
2026-09-17,HPF,14.535
2026-09-17,HPI,14.935
2026-09-17,HLXC,10.6
2026-09-17,TSI,4.29
2026-09-17,HIO,3.43
2026-09-17,HIX,3.75
2026-09-17,HEQ,11.29
2026-09-17,HERZ,16.24
2026-09-17,HFRO,7.06
2026-09-17,ILLUW,0.33
2026-09-17,HCMAU,10.47
2026-09-17,HACQ,10.08
2026-09-17,ALDF,10.82
2026-09-17,TVA,10.56
2026-09-17,TVACW,0.25
2026-09-17,TVAI,10.38
2026-09-17,TVAIU,10.5
2026-09-17,TVC,23.8101
2026-09-17,GUAC,9.92
2026-09-17,GUACW,0.5975
2026-09-17,GUG,14.44
2026-09-17,TVE,23.33
2026-09-17,HCIC,10.0
2026-09-17,IEAG,10.26
2026-09-17,IEAGR,0.2
2026-09-17,IEAGU,10.37
2026-09-17,IFN,10.9964
2026-09-17,IGA,10.69
2026-09-17,IGAC,10.07
2026-09-17,IGACR,0.1599
2026-09-17,AACO,9.99
2026-09-17,IGI,15.52
2026-09-17,IGR,12.38
2026-09-17,IDAC,10.025
2026-09-17,IDACW,0.3672
2026-09-17,HVMC,10.25
2026-09-17,IACQ,9.99
2026-09-17,IACQW,0.4
2026-09-17,IAE,8.69
2026-09-17,IAF,12.7619
2026-09-17,IBAC,10.93
2026-09-17,IBACR,0.1153
2026-09-17,TRGS,9.97
2026-09-17,TRGSR,0.1684
2026-09-17,HYT,7.975
2026-09-17,IACO,9.99
2026-09-17,HVIIR,0.29
2026-09-17,HVIIU,13.5
2026-09-17,IDE,12.415
2026-09-17,MRCOW,0.32
2026-09-17,MPA,10.2
2026-09-17,AFJKU,13.0
2026-09-17,AGD,11.85
2026-09-17,MMD,14.25
2026-09-17,MMU,9.49
2026-09-17,MKLY,10.25
2026-09-17,MLAA,10.01
2026-09-17,MLAAW,0.22
2026-09-17,MLCIL,22.4
2026-09-17,SWZ,5.9
2026-09-17,MIACU,9.98
2026-09-17,KBONU,10.3
2026-09-17,MIAC,9.82
2026-09-17,MEVO,10.03
2026-09-17,SZZL,10.47
2026-09-17,SZZLR,0.17
2026-09-17,TACH,10.51
2026-09-17,TACHW,0.4319
2026-09-17,TACOW,0.74
2026-09-17,MEGI,14.19
2026-09-17,MESH,10.08
2026-09-17,MESHU,10.245
2026-09-17,MESHW,0.26
2026-09-17,METCI,25.26
2026-09-17,MHF,6.4
2026-09-17,NAZ,11.67
2026-09-17,NBB,14.72
2026-09-17,NBH,9.66
2026-09-17,NBXG,15.0624
2026-09-17,NCA,8.7
2026-09-17,MYX,9.99
2026-09-17,MYXXR,0.207
2026-09-17,NAC,10.825
2026-09-17,NAD,10.73
2026-09-17,MXE,13.3001
2026-09-17,MXF,21.38
2026-09-17,MYN,9.065
2026-09-17,MRCOU,10.02
2026-09-17,MTAK,9.9
2026-09-17,MTAKU,9.99
2026-09-17,MTAKW,0.15
2026-09-17,MSD,7.17
2026-09-17,MSDL,14.95
2026-09-17,SVAQ,10.1
2026-09-17,SVAQW,0.41
2026-09-17,SVCC,10.69
2026-09-17,SVCCU,10.71
2026-09-17,SVIV,10.17
2026-09-17,SVIVW,0.85
2026-09-17,MRCO,9.89
2026-09-17,MUZE,10.0
2026-09-17,LGI,17.18
2026-09-17,LFAC,10.07
2026-09-17,LFACW,0.28
2026-09-17,LCCC,10.52
2026-09-17,LCCCR,0.145
2026-09-17,LDP,19.83
2026-09-17,TDWD,10.11
2026-09-17,TDWDR,0.12
2026-09-17,TEI,6.487
2026-09-17,LATA,10.1901
2026-09-17,LATAU,10.3
2026-09-17,KTH,28.59
2026-09-17,METCZ,25.48
2026-09-17,KOYN,10.22
2026-09-17,KRAQ,10.03
2026-09-17,KKRT,23.2351
2026-09-17,THEO,9.89
2026-09-17,THEOU,10.2
2026-09-17,THQ,19.175
2026-09-17,THW,13.471
2026-09-17,KEYYW,0.4
2026-09-17,KF,65.2
2026-09-17,KFII,10.66
2026-09-17,KIO,10.69
2026-09-17,KBON,10.1
2026-09-17,KTN,25.55
2026-09-17,MCN,5.51
2026-09-17,MBVI,10.25
2026-09-17,MCAH,10.0
2026-09-17,MCGA,10.345
2026-09-17,MCGAU,10.335
2026-09-17,MACI,11.0201
2026-09-17,LWAC,10.32
2026-09-17,LWACW,0.19
2026-09-17,TAVI,10.76
2026-09-17,TBCVU,9.92
2026-09-17,LTGR,9.965
2026-09-17,LTGRU,10.18
2026-09-17,LKSP,10.235
2026-09-17,LPCVW,0.33
2026-09-17,LPAA,10.76
2026-09-17,LPAAW,0.14
2026-09-17,LPBB,10.83
2026-09-17,LPBBW,0.2
2026-09-17,LPCV,10.06
2026-09-17,TCGX,14.35
2026-09-17,TDAC,10.86
2026-09-17,TDACU,12.57
2026-09-17,TDACW,1.45
2026-09-17,TDF,10.19
2026-09-17,LKSPR,0.7
2026-09-17,LPCVU,10.2548
2026-09-17,ABR^D,15.43
2026-09-17,ABR^E,15.21
2026-09-17,ABR^F,22.28
2026-09-17,ACP^A,18.5
2026-09-17,ACR^C,23.9799
2026-09-17,ACR^D,19.4
2026-09-17,ADC^A,15.97
2026-09-17,AGM^D,20.96
2026-09-17,AGM^E,20.725
2026-09-17,AGM^F,18.52
2026-09-17,AGM^G,17.2001
2026-09-17,AGM^H,23.27
2026-09-17,AGM^I,24.7596
2026-09-17,AHRT^A,21.28
2026-09-17,AHT^D,5.95
2026-09-17,AHT^F,5.65
2026-09-17,AHT^G,5.775
2026-09-17,AHT^H,4.89
2026-09-17,AHT^I,5.2601
2026-09-17,ALB^A,48.2
2026-09-17,ALL^B,25.68
2026-09-17,ALL^H,18.79
2026-09-17,ALL^I,17.8
2026-09-17,ALL^J,26.07
2026-09-17,ALTG^A,25.88
2026-09-17,AMH^G,21.349
2026-09-17,AMH^H,22.3
2026-09-17,ANG^D,23.05
2026-09-17,ARES^B,40.79
2026-09-17,ARR^C,20.29
2026-09-17,ASB^E,19.36
2026-09-17,ASB^F,18.95
2026-09-17,AUB^A,23.77
2026-09-17,BA^A,62.59
2026-09-17,BAC^B,23.23
2026-09-17,BAC^E,18.555
2026-09-17,BAC^K,22.84
2026-09-17,BAC^L,1251.055
2026-09-17,BAC^M,20.1
2026-09-17,BAC^N,18.8292
2026-09-17,BAC^O,16.55
2026-09-17,BAC^P,15.865
2026-09-17,BAC^Q,16.1
2026-09-17,BAC^S,18.0723
2026-09-17,BANC^F,25.11
2026-09-17,BC^C,23.925
2026-09-17,BCV^A,19.386
2026-09-17,BF-A,26.39
2026-09-17,BF-B,26.0
2026-09-17,BFH^A,24.3499
2026-09-17,BFH^B,24.7
2026-09-17,BFS^D,19.8829
2026-09-17,BFS^E,19.85
2026-09-17,BHR^B,13.4
2026-09-17,BHR^D,17.5083
2026-09-17,BIO-B,365.08
2026-09-17,BML^G,18.6089
2026-09-17,BML^H,18.55
2026-09-17,BML^J,19.6526
2026-09-17,BML^L,19.6
2026-09-17,BNY^K,24.98
2026-09-17,BOH^A,15.51
2026-09-17,BOH^B,25.72
2026-09-17,BW^A,22.23
2026-09-17,C^N,26.42
2026-09-17,C^R,23.755
2026-09-17,CDR^B,16.63
2026-09-17,CDR^C,15.2483
2026-09-17,CFG^E,17.8
2026-09-17,CFG^H,26.3
2026-09-17,CFG^I,24.98
2026-09-17,CFR^B,16.3616
2026-09-17,CIM^A,20.4707
2026-09-17,CIM^B,23.7512
2026-09-17,CIM^C,22.27
2026-09-17,CIM^D,23.535
2026-09-17,CLDT^A,20.18
2026-09-17,CMS^B,76.1
2026-09-17,CMS^C,16.29
2026-09-17,CNO^A,16.6592
2026-09-17,CODI^A,19.4
2026-09-17,CODI^B,22.36
2026-09-17,CODI^C,21.875
2026-09-17,COF^I,17.61
2026-09-17,COF^J,16.865
2026-09-17,COF^K,16.33
2026-09-17,COF^L,15.5
2026-09-17,COF^N,15.25
2026-09-17,CRD-A,12.42
2026-09-17,CRD-B,11.29
2026-09-17,CTA^A,53.0
2026-09-17,CTA^B,65.25
2026-09-17,CTO^A,20.47
2026-09-17,DBRG^H,15.0
2026-09-17,DBRG^I,15.14
2026-09-17,DBRG^J,15.41
2026-09-17,DCOM^,17.1
2026-09-17,DLR^J,18.7
2026-09-17,DLR^K,20.859
2026-09-17,DLR^L,18.55
2026-09-17,DUK^A,23.0
2026-09-17,DX^C,25.98
2026-09-17,ECC^D,18.25
2026-09-17,ECF^A,19.87
2026-09-17,EFC^B,25.2
2026-09-17,EFC^C,25.678
2026-09-17,EFC^D,23.8208
2026-09-17,EP^C,50.0
2026-09-17,EPR^C,25.31
2026-09-17,EPR^E,31.2801
2026-09-17,EPR^G,20.09
2026-09-17,EQH^A,17.901
2026-09-17,EQH^C,15.99
2026-09-17,ET^I,11.39
2026-09-17,ETI^,22.61
2026-09-17,F^B,19.8921
2026-09-17,F^C,19.5356
2026-09-17,F^D,20.835
2026-09-17,FBRT^E,19.42
2026-09-17,FHN^E,23.44
2026-09-17,FHN^F,16.83
2026-09-17,FHN^H,23.95
2026-09-17,FITB^A,22.1
2026-09-17,FITB^I,25.5942
2026-09-17,FITB^K,18.18
2026-09-17,FITB^M,25.9441
2026-09-17,FLG^A,23.88
2026-09-17,FLG^U,39.7601
2026-09-17,FOUR^A,56.49
2026-09-17,FRT^C,19.0815
2026-09-17,GAB^G,18.7101
2026-09-17,GAB^H,18.738
2026-09-17,GAB^K,18.95
2026-09-17,GAM^B,23.7699
2026-09-17,GDV^H,20.74
2026-09-17,GDV^K,16.6001
2026-09-17,GGN^B,18.67
2026-09-17,GGT^E,19.99
2026-09-17,GGT^G,20.01
2026-09-17,GL^D,14.77
2026-09-17,GLU^A,50.5
2026-09-17,GLU^B,50.735
2026-09-17,GNL^A,22.56
2026-09-17,GNL^B,21.59
2026-09-17,GNL^D,22.6
2026-09-17,GNL^E,22.7
2026-09-17,GNT^A,19.34
2026-09-17,GPMT^A,15.85
2026-09-17,GPUS^D,18.0
2026-09-17,GRBK^A,21.28
2026-09-17,GS^A,19.015
2026-09-17,GS^C,19.31
2026-09-17,GS^D,18.76
2026-09-17,GUT^C,20.52
2026-09-17,HEI-A,223.0
2026-09-17,HFRO^A,16.211
2026-09-17,HFRO^B,16.029
2026-09-17,HIG^G,23.21
2026-09-17,HL^B,72.0
2026-09-17,HPE^C,158.85
2026-09-17,HPP^C,14.25
2026-09-17,HVII,9.5
2026-09-17,HVT-A,28.87
2026-09-17,IIPR^A,24.98
2026-09-17,INN^E,17.56
2026-09-17,INN^F,16.54
2026-09-17,IPEX,9.61
2026-09-17,IVR^C,24.21
2026-09-17,JPM^C,23.8537
2026-09-17,JPM^D,22.68
2026-09-17,JPM^J,18.23
2026-09-17,JPM^K,17.45
2026-09-17,JPM^L,17.815
2026-09-17,JPM^M,16.66
2026-09-17,JXN^A,25.54
2026-09-17,KEY^I,25.0
2026-09-17,KEY^J,20.57
2026-09-17,KEY^K,20.5
2026-09-17,KEY^L,25.01
2026-09-17,KIM^L,20.5
2026-09-17,KIM^M,20.3983
2026-09-17,KIM^N,61.085
2026-09-17,KKR^D,44.7
2026-09-17,KREF^A,18.18
2026-09-17,LFT^A,16.9402
2026-09-17,LNC^D,26.05
2026-09-17,LOB^A,25.03
2026-09-17,LXP^C,49.29
2026-09-17,MAA^I,49.965
2026-09-17,MER^K,24.14
2026-09-17,MET^A,20.99
2026-09-17,MET^E,20.84
2026-09-17,MET^F,17.29
2026-09-17,MFA^B,19.75
2026-09-17,MFA^C,23.1
2026-09-17,MITT^A,22.37
2026-09-17,MITT^B,20.43
2026-09-17,MITT^C,25.1
2026-09-17,MS^A,18.92
2026-09-17,MS^E,25.5266
2026-09-17,MS^F,25.32
2026-09-17,MS^I,24.0801
2026-09-17,MS^K,22.34
2026-09-17,MS^L,18.765
2026-09-17,MS^O,16.37
2026-09-17,MS^P,24.91
2026-09-17,MS^Q,25.31
2026-09-17,MTB^H,25.01
2026-09-17,MTB^J,25.74
2026-09-17,MTB^K,23.6618
2026-09-17,MTB^L,24.27
2026-09-17,NCV^A,19.75
2026-09-17,NCZ^A,19.25
2026-09-17,NEE^N,19.93
2026-09-17,NEE^S,50.435
2026-09-17,NEE^T,47.09
2026-09-17,NEE^U,22.63
2026-09-17,NEE^V,44.73
2026-09-17,NEE^W,23.03
2026-09-17,NGL^B,25.8
2026-09-17,NGL^C,25.77
2026-09-17,NLY^F,25.26
2026-09-17,NLY^G,25.136
2026-09-17,NLY^I,24.94
2026-09-17,NLY^J,25.81
2026-09-17,NREF^A,24.8
2026-09-17,NXDT^A,12.765
2026-09-17,OAK^A,20.23
2026-09-17,OAK^B,20.29
2026-09-17,OPP^A,15.26
2026-09-17,OPP^B,16.445
2026-09-17,OPP^C,10.13
2026-09-17,ORCL^D,47.29
2026-09-17,PARA,0.935
2026-09-17,PBI^B,21.695
2026-09-17,PCG^A,20.55
2026-09-17,PCG^B,18.81
2026-09-17,PCG^C,17.7565
2026-09-17,PCG^D,17.01
2026-09-17,PCG^E,17.0097
2026-09-17,PCG^G,16.51
2026-09-17,PCG^H,16.01
2026-09-17,PCG^I,15.33
2026-09-17,PCG^X,33.99
2026-09-17,PEB^E,19.9
2026-09-17,PEB^F,19.74
2026-09-17,PEB^G,19.9
2026-09-17,PEB^H,18.42
2026-09-17,PINE^A,25.02
2026-09-17,PMT^A,22.0382
2026-09-17,PMT^B,21.975
2026-09-17,PMT^C,17.515
2026-09-17,PNFP^A,25.3886
2026-09-17,PNFP^B,25.72
2026-09-17,PNFP^C,24.24
2026-09-17,PSA^F,18.68
2026-09-17,PSA^G,18.28
2026-09-17,PSA^H,20.0136
2026-09-17,PSA^I,17.76
2026-09-17,PSA^J,16.99
2026-09-17,PSA^K,17.185
2026-09-17,PSA^L,16.58
2026-09-17,PSA^M,14.825
2026-09-17,PSA^N,14.09
2026-09-17,PSA^O,14.07
2026-09-17,PSA^P,14.315
2026-09-17,PSA^Q,14.1
2026-09-17,PSA^R,14.2732
2026-09-17,PSA^S,14.785
2026-09-17,PSA^T,21.675
2026-09-17,PSA^U,22.23
2026-09-17,PSEC^A,15.75
2026-09-17,PW^A,9.05
2026-09-17,QXO^B,36.5
2026-09-17,RC^C,11.06
2026-09-17,RC^E,12.77
2026-09-17,REXR^B,21.27
2026-09-17,REXR^C,20.2
2026-09-17,RF^C,24.4145
2026-09-17,RF^E,15.7
2026-09-17,RF^F,25.38
2026-09-17,RITM^A,25.4
2026-09-17,RITM^B,25.2913
2026-09-17,RITM^C,24.76
2026-09-17,RITM^D,25.17
2026-09-17,RITM^E,24.37
2026-09-17,RITM^F,24.85
2026-09-17,RIV^A,20.825
2026-09-17,RLJ^A,25.05
2026-09-17,RPT^C,25.2
2026-09-17,RWT^A,23.34
2026-09-17,SACH^A,21.5
2026-09-17,SCE^G,17.07
2026-09-17,SCE^L,16.635
2026-09-17,SCE^M,23.465
2026-09-17,SCE^N,22.09
2026-09-17,SCHW^D,22.25
2026-09-17,SCHW^J,16.465
2026-09-17,SF^B,22.16
2026-09-17,SF^C,21.75
2026-09-17,SF^D,15.905
2026-09-17,SHO^H,22.3
2026-09-17,SHO^I,21.66
2026-09-17,SLG^I,21.46
2026-09-17,SPE^C,24.7999
2026-09-17,SPG^J,54.75
2026-09-17,SRG^A,20.9636
2026-09-17,STT^G,20.23
2026-09-17,SYF^A,18.66
2026-09-17,SYF^B,26.02
2026-09-17,T^A,17.69
2026-09-17,T^C,16.765
2026-09-17,TDS^U,20.5101
2026-09-17,TDS^V,18.7701
2026-09-17,TFC^I,17.8912
2026-09-17,TFC^O,19.43
2026-09-17,TFC^R,17.28
2026-09-17,TFIN^,21.83
2026-09-17,TRTN^A,25.7
2026-09-17,TRTN^B,25.01
2026-09-17,TRTN^C,24.2
2026-09-17,TRTN^D,22.19
2026-09-17,TRTN^E,18.39
2026-09-17,TRTN^F,23.84
2026-09-17,TRTN^G,23.49
2026-09-17,TRTX^C,17.981
2026-09-17,TWO^A,25.29
2026-09-17,TWO^B,25.27
2026-09-17,TWO^C,25.345
2026-09-17,TY^,41.0
2026-09-17,UMH^D,21.2
2026-09-17,USB^A,773.9999
2026-09-17,USB^H,18.5658
2026-09-17,USB^P,20.5
2026-09-17,USB^Q,14.12
2026-09-17,USB^R,15.1
2026-09-17,USB^S,16.85
2026-09-17,VNO^L,17.03
2026-09-17,VNO^M,17.0
2026-09-17,VNO^N,16.72
2026-09-17,VNO^O,14.0714
2026-09-17,VOYA^B,23.78
2026-09-17,WAL^A,24.71
2026-09-17,WFC^A,17.285
2026-09-17,WFC^C,16.055
2026-09-17,WFC^D,15.67
2026-09-17,WFC^L,1118.0
2026-09-17,WFC^Y,20.79
2026-09-17,WFC^Z,17.51
2026-09-17,WHR^A,29.52
2026-09-17,WRB^E,20.15
2026-09-17,WRB^F,17.78
2026-09-17,WRB^G,15.7275
2026-09-17,WRB^H,15.18
2026-09-17,WSO-B,312.46
2026-09-17,XRN^A,24.97
2026-09-17,XRN^B,25.11
2026-09-18,NVDA,219.63
2026-09-18,AAPL,332.62
2026-09-18,GOOGL,348.0
2026-09-18,GOOG,344.34
2026-09-18,MSFT,497.42
2026-09-18,AMZN,252.54
2026-09-18,SPCX,153.775
2026-09-18,META,674.62
2026-09-18,AVGO,348.915
2026-09-18,TSLA,371.305
2026-09-18,BRK-A,766978.83
2026-09-18,BRK-B,510.7
2026-09-18,MU,982.205
2026-09-18,LLY,1145.2648
2026-09-18,JPM,346.67
2026-09-18,AMD,538.545
2026-09-18,WMT,106.645
2026-09-18,XOM,161.705
2026-09-18,V,369.5218
2026-09-18,JNJ,268.925
2026-09-18,GOOGM,49.16
2026-09-18,GOOGN,48.93
2026-09-18,INTC,109.86
2026-09-18,MA,565.71
2026-09-18,ABBV,262.21
2026-09-18,ORCL,150.7585
2026-09-18,CSCO,111.23
2026-09-18,PLTR,177.355
2026-09-18,CVX,210.6988
2026-09-18,BAC,57.735
2026-09-18,COST,889.96
2026-09-18,KO,87.68
2026-09-18,DELL,583.83
2026-09-18,CAT,800.485
2026-09-18,MRK,145.88
2026-09-18,PG,146.65
2026-09-18,UNH,378.7975
2026-09-18,LRCX,268.98
2026-09-18,AMAT,416.4807
2026-09-18,GE,316.435
2026-09-18,MS,201.4549
2026-09-18,NFLX,75.82
2026-09-18,PANW,381.78
2026-09-18,HD,305.66
2026-09-18,PM,190.395
2026-09-18,GS,936.95
2026-09-18,WFC,86.585
2026-09-18,RTX,193.94
2026-09-18,ANET,204.225
2026-09-18,CRWD,248.53
2026-09-18,GEV,941.9
2026-09-18,TMO,652.6825
2026-09-18,TXN,260.69
2026-09-18,SNDK,1616.05
2026-09-18,CCZ,64.67
2026-09-18,IBM,238.305
2026-09-18,C,131.5517
2026-09-18,KLAC,167.8
2026-09-18,MRVL,242.3
2026-09-18,AXP,314.18
2026-09-18,LIN,457.865
2026-09-18,AMGN,380.205
2026-09-18,VZ,48.955
2026-09-18,CRM,242.44
2026-09-18,QCOM,189.62
2026-09-18,APH,77.85
2026-09-18,GILD,148.21
2026-09-18,TMUS,171.23
2026-09-18,DIS,106.22
2026-09-18,DE,679.33
2026-09-18,PEP,133.545
2026-09-18,SCHW,103.67
2026-09-18,ADI,365.46
2026-09-18,MCD,249.2781
2026-09-18,T,25.465
2026-09-18,ABT,100.51
2026-09-18,NEE,80.59
2026-09-18,WELL,233.2269
2026-09-18,UNP,279.6365
2026-09-18,SCCO,197.05
2026-09-18,BLK,1050.95
2026-09-18,BA,200.05
2026-09-18,COP,131.52
2026-09-18,PFE,27.645
2026-09-18,WDC,420.26
2026-09-18,DHR,210.295
2026-09-18,UBER,71.12
2026-09-18,NOW,139.28
2026-09-18,TBB,19.48
2026-09-18,TJX,124.52
2026-09-18,ISRG,379.89
2026-09-18,NEM,125.055
2026-09-18,MNST,44.38
2026-09-18,VRTX,513.65
2026-09-18,GLW,150.13
2026-09-18,BMY,63.29
2026-09-18,FTNT,175.415
2026-09-18,BKNG,169.715
2026-09-18,PLD,134.31
2026-09-18,PGR,215.385
2026-09-18,COF,203.58
2026-09-18,LMT,534.93
2026-09-18,SNOW,342.545
2026-09-18,NET,335.875
2026-09-18,SPGI,405.4689
2026-09-18,MDT,92.31
2026-09-18,CVS,91.4
2026-09-18,MPC,414.2922
2026-09-18,PH,922.05
2026-09-18,MO,69.365
2026-09-18,VLO,400.81
2026-09-18,SBUX,96.78
2026-09-18,LOW,196.08
2026-09-18,SYK,281.4
2026-09-18,ADP,271.505
2026-09-18,PSX,267.655
2026-09-18,APP,318.1599
2026-09-18,BNY,152.82
2026-09-18,MCK,881.49
2026-09-18,FCX,71.24
2026-09-18,EQIX,1022.94
2026-09-18,ABNB,167.13
2026-09-18,SO,86.1
2026-09-18,ADBE,248.28
2026-09-18,CME,270.53
2026-09-18,HOOD,107.44
2026-09-18,GD,356.45
2026-09-18,VRT,243.59
2026-09-18,BX,124.83
2026-09-18,HCA,430.24
2026-09-18,USB,59.72
2026-09-18,CEG,261.49
2026-09-18,PNC,230.945
2026-09-18,DUK,117.78
2026-09-18,ELV,417.52
2026-09-18,PWR,614.51
2026-09-18,HWM,225.28
2026-09-18,KKR,98.595
2026-09-18,CSX,47.655
2026-09-18,WMB,71.32
2026-09-18,MAR,334.455
2026-09-18,ICE,152.77
2026-09-18,DASH,197.39
2026-09-18,DDOG,237.995
2026-09-18,UPS,100.42
2026-09-18,WM,212.48
2026-09-18,MMM,163.55
2026-09-18,INTU,315.625
2026-09-18,MRSH,173.81
2026-09-18,EMR,148.315
2026-09-18,EPD,38.305
2026-09-18,CMCSA,23.3019
2026-09-18,BE,279.7
2026-09-18,LITE,915.58
2026-09-18,HPE,61.7137
2026-09-18,AMT,175.19
2026-09-18,MCO,464.565
2026-09-18,REGN,780.9225
2026-09-18,CTAS,197.12
2026-09-18,TRV,377.26
2026-09-18,MDLZ,61.58
2026-09-18,SHW,322.75
2026-09-18,CDNS,281.82
2026-09-18,GM,87.6077
2026-09-18,ECL,274.11
2026-09-18,MSI,463.0859
2026-09-18,ITW,267.09
2026-09-18,EOG,144.02
2026-09-18,APO,127.74
2026-09-18,NOC,525.88
2026-09-18,CVNA,67.435
2026-09-18,CI,278.69
2026-09-18,SNPS,383.81
2026-09-18,ET,21.195
2026-09-18,ROST,228.195
2026-09-18,CMI,529.11
2026-09-18,FDX,307.155
2026-09-18,TGT,158.35
2026-09-18,NSC,316.68
2026-09-18,WBD,28.205
2026-09-18,BRKRP,459.04
2026-09-18,CL,87.005
2026-09-18,KMI,31.05
2026-09-18,HLT,305.975
2026-09-18,ORLY,84.92
2026-09-18,DLR,183.1
2026-09-18,RCL,252.765
2026-09-18,RSG,218.39
2026-09-18,SPG,204.3999
2026-09-18,AEP,120.85
2026-09-18,HON,205.85
2026-09-18,APD,287.13
2026-09-18,MRNA,160.09
2026-09-18,ALL,252.195
2026-09-18,AON,296.975
2026-09-18,URI,1011.34
2026-09-18,PCAR,118.56
2026-09-18,BSX,43.015
2026-09-18,SE,101.635
2026-09-18,MET,97.21
2026-09-18,AJG,240.41
2026-09-18,TRGP,284.07
2026-09-18,NUE,266.815
2026-09-18,TDG,1086.65
2026-09-18,COR,314.1008
2026-09-18,MPLX,58.82
2026-09-18,GWW,1256.6
2026-09-18,OKE,93.57
2026-09-18,TFC,48.255
2026-09-18,OXY,58.695
2026-09-18,AFL,116.22
2026-09-18,COHR,296.055
2026-09-18,KEYS,334.78
2026-09-18,MPWR,1149.23
2026-09-18,D,63.8
2026-09-18,FAST,48.865
2026-09-18,TER,357.28
2026-09-18,BKR,56.17
2026-09-18,FIX,1583.985
2026-09-18,LNG,267.57
2026-09-18,CTVA,81.38
2026-09-18,FANG,193.145
2026-09-18,O,57.0885
2026-09-18,F,13.77
2026-09-18,SRE,82.045
2026-09-18,NKE,36.085
2026-09-18,AME,233.105
2026-09-18,CAH,228.09
2026-09-18,DVN,48.18
2026-09-18,SOMN,46.02
2026-09-18,HONA,166.51
2026-09-18,DAL,79.36
2026-09-18,PSA,296.5981
2026-09-18,NTRA,358.185
2026-09-18,EW,88.825
2026-09-18,HBANL,25.03
2026-09-18,CIEN,355.96
2026-09-18,NDAQ,90.17
2026-09-18,STT,183.18
2026-09-18,MSTR,130.78
2026-09-18,EBAY,112.11
2026-09-18,BDX,182.5544
2026-09-18,VMRK,62.85
2026-09-18,AMP,545.86
2026-09-18,ALAB,279.99
2026-09-18,VST,142.3399
2026-09-18,ETR,102.38
2026-09-18,FITB,52.52
2026-09-18,WDAY,197.22
2026-09-18,WAB,278.14
2026-09-18,AZO,2859.32
2026-09-18,ROK,418.4
2026-09-18,LHX,249.525
2026-09-18,XYZ,77.12
2026-09-18,HUM,385.35
2026-09-18,CBRS,193.645
2026-09-18,XEL,72.975
2026-09-18,PYPL,53.11
2026-09-18,ADSK,216.475
2026-09-18,VTR,87.895
2026-09-18,IQV,271.59
2026-09-18,CARR,54.23
2026-09-18,COIN,169.15
2026-09-18,SMCIP,67.35
2026-09-18,CRWV,79.58
2026-09-18,A,155.16
2026-09-18,EXC,42.3499
2026-09-18,TRI,100.08
2026-09-18,RVMD,201.64
2026-09-18,KDP,31.69
2026-09-18,CMG,33.955
2026-09-18,MDLN,32.68
2026-09-18,VEEV,264.855
2026-09-18,RKLB,67.42
2026-09-18,WAT,428.495
2026-09-18,ARES,127.13
2026-09-18,ADM,86.725
2026-09-18,HEI,297.955
2026-09-18,PAYX,115.72
2026-09-18,HBANM,20.34
2026-09-18,PRU,118.2
2026-09-18,CBRE,140.15
2026-09-18,LYV,169.865
2026-09-18,IBKR,88.1
2026-09-18,STRF,103.575
2026-09-18,IDXX,504.7
2026-09-18,MSCI,545.895
2026-09-18,DHI,141.83
2026-09-18,AIG,75.17
2026-09-18,ED,106.04
2026-09-18,TTWO,209.32
2026-09-18,BTSGU,196.545
2026-09-18,NTAP,197.71
2026-09-18,HBANZ,19.2
2026-09-18,MCHP,71.01
2026-09-18,VIK,85.13
2026-09-18,SYY,78.68
2026-09-18,STRC,98.0
2026-09-18,YUM,137.7587
2026-09-18,TWLO,243.905
2026-09-18,KR,60.96
2026-09-18,ROP,375.32
2026-09-18,AXON,453.565
2026-09-18,ODFL,175.39
2026-09-18,ILMN,240.58
2026-09-18,HIG,133.66
2026-09-18,UI,595.425
2026-09-18,RKT,12.705
2026-09-18,TKO,189.51
2026-09-18,VG,14.275
2026-09-18,PCG,13.2837
2026-09-18,PEG,70.66
2026-09-18,UAL,108.075
2026-09-18,STLD,243.615
2026-09-18,P,104.0
2026-09-18,KVUE,17.875
2026-09-18,EL,94.8685
2026-09-18,RBLX,47.92
2026-09-18,PPLC,45.42
2026-09-18,HSY,169.195
2026-09-18,IRM,113.935
2026-09-18,HBANP,16.7701
2026-09-18,WEC,103.702
2026-09-18,RPRX,58.52
2026-09-18,MCHPP,61.76
2026-09-18,OKTA,190.6
2026-09-18,CNC,67.42
2026-09-18,DXCM,87.24
2026-09-18,RMD,225.75
2026-09-18,KMB,97.85
2026-09-18,MTB,225.22
2026-09-18,EME,733.23
2026-09-18,ALNY,241.49
2026-09-18,EXPE,281.735
2026-09-18,NTRS,176.1
2026-09-18,CQP,66.23
2026-09-18,ZS,196.53
2026-09-18,MDB,397.485
2026-09-18,BIIB,216.56
2026-09-18,HBAN,15.715
2026-09-18,VMC,242.595
2026-09-18,RJF,163.08
2026-09-18,EQT,50.145
2026-09-18,JBL,299.12
2026-09-18,CCI,73.055
2026-09-18,CRDO,165.3
2026-09-18,CCL,22.39
2026-09-18,AGNCN,25.8029
2026-09-18,AGNCO,25.6501
2026-09-18,AGNCP,25.44
2026-09-18,AGNCM,25.37
2026-09-18,AGNCZ,25.26
2026-09-18,AGNCL,25.25
2026-09-18,HPQ,33.1
2026-09-18,ZTS,72.1
2026-09-18,MLM,494.32
2026-09-18,KHC,24.685
2026-09-18,EXR,138.125
2026-09-18,RDDT,150.11
2026-09-18,GEHC,63.74
2026-09-18,AEE,103.65
2026-09-18,HAL,34.0
2026-09-18,CFG,66.915
2026-09-18,TDY,604.31
2026-09-18,SYF,75.09
2026-09-18,FTS,54.38
2026-09-18,IR,71.4073
2026-09-18,STRD,71.9699
2026-09-18,CTSH,61.29
2026-09-18,FOXA,65.48
2026-09-18,ECHO,94.4
2026-09-18,CPRT,29.605
2026-09-18,ATO,161.86
2026-09-18,DG,123.85
2026-09-18,DGX,247.32
2026-09-18,SYM,45.0
2026-09-18,VRSN,300.5875
2026-09-18,AWK,136.45
2026-09-18,INSM,124.165
2026-09-18,DTE,130.19
2026-09-18,ZM,92.55
2026-09-18,STRK,70.0
2026-09-18,ON,68.69
2026-09-18,LVS,40.99
2026-09-18,VICI,24.11
2026-09-18,CPAY,403.8275
2026-09-18,SMCI,40.25
2026-09-18,OTIS,69.01
2026-09-18,FE,45.365
2026-09-18,FISV,49.36
2026-09-18,LH,322.37
2026-09-18,CPNG,14.505
2026-09-18,LPLA,330.54
2026-09-18,CINF,169.55
2026-09-18,WSM,220.51
2026-09-18,WRB,69.83
2026-09-18,WST,366.8
2026-09-18,ES,68.305
2026-09-18,GFS,46.06
2026-09-18,INCY,125.69
2026-09-18,DOV,189.07
2026-09-18,CNP,38.2425
2026-09-18,PFG,117.375
2026-09-18,PPL,33.3426
2026-09-18,XYL,107.285
2026-09-18,ATI,182.705
2026-09-18,FFIV,438.105
2026-09-18,FOX,58.725
2026-09-18,EXPD,188.43
2026-09-18,Q,116.83
2026-09-18,ASTS,62.7699
2026-09-18,AFRM,72.1
2026-09-18,RF,28.495
2026-09-18,GH,180.51
2026-09-18,TPL,350.185
2026-09-18,TW,101.57
2026-09-18,SN,168.42
2026-09-18,FWONK,94.595
2026-09-18,DRI,207.755
2026-09-18,TPR,118.615
2026-09-18,FCNCA,2090.11
2026-09-18,IOT,40.25
2026-09-18,PPG,105.745
2026-09-18,ULTA,545.13
2026-09-18,HUBB,438.74
2026-09-18,VLTO,94.67
2026-09-18,VRSK,176.77
2026-09-18,RIVN,15.88
2026-09-18,ROKU,154.41
2026-09-18,BG,118.09
2026-09-18,GPN,85.59
2026-09-18,CHD,95.46
2026-09-18,NRG,107.055
2026-09-18,JBHT,238.33
2026-09-18,PHM,119.17
2026-09-18,RBRK,107.34
2026-09-18,KEY,20.815
2026-09-18,MKL,1791.2
2026-09-18,L,108.18
2026-09-18,CASY,595.53
2026-09-18,TROW,103.05
2026-09-18,BRO,65.225
2026-09-18,IFF,85.1
2026-09-18,FWONA,86.555
2026-09-18,SOFI,16.8
2026-09-18,OMC,78.91
2026-09-18,SNX,267.755
2026-09-18,RGLD,252.485
2026-09-18,UTHR,497.57
2026-09-18,DOW,29.525
2026-09-18,DLTR,113.275
2026-09-18,SOJC,19.28
2026-09-18,EIX,54.89
2026-09-18,ARXS,50.585
2026-09-18,THC,261.71
2026-09-18,CRCL,82.7852
2026-09-18,CW,568.625
2026-09-18,FSLR,195.1801
2026-09-18,FICO,967.09
2026-09-18,STZ,122.3
2026-09-18,CDE,20.29
2026-09-18,PKG,232.495
2026-09-18,CMS,65.915
2026-09-18,RS,400.665
2026-09-18,XPO,174.59
2026-09-18,EXE,88.29
2026-09-18,ENTG,133.4175
2026-09-18,MTSI,266.195
2026-09-18,DINO,114.2
2026-09-18,STE,207.9575
2026-09-18,CF,133.86
2026-09-18,FTAI,196.82
2026-09-18,AQNB,26.27
2026-09-18,RL,338.15
2026-09-18,SOJD,18.25
2026-09-18,USFD,92.5275
2026-09-18,LUV,40.84
2026-09-18,BBY,94.48
2026-09-18,CRS,398.31
2026-09-18,VTRS,17.155
2026-09-18,GIS,36.625
2026-09-18,NI,40.72
2026-09-18,WES,46.91
2026-09-18,SNA,374.34
2026-09-18,PR,23.045
2026-09-18,SBAC,181.44
2026-09-18,EFX,162.04
2026-09-18,LEN,78.7427
2026-09-18,NTNX,69.82
2026-09-18,WWD,319.21
2026-09-18,BR,165.215
2026-09-18,FIS,36.425
2026-09-18,SSNC,79.825
2026-09-18,U,42.56
2026-09-18,CDW,149.535
2026-09-18,EVRG,80.785
2026-09-18,TSN,52.21
2026-09-18,GEN,30.565
2026-09-18,IP,34.4816
2026-09-18,ZBH,94.97
2026-09-18,NWS,33.39
2026-09-18,FDXF,120.815
2026-09-18,TOST,31.185
2026-09-18,GPC,130.74
2026-09-18,SITM,599.15
2026-09-18,SOJE,16.46
2026-09-18,PAA,25.5
2026-09-18,ITT,199.63
2026-09-18,CHRW,151.94
2026-09-18,TPG,46.86
2026-09-18,ESS,271.79
2026-09-18,DD,129.16
2026-09-18,NDSN,312.87
2026-09-18,EWBC,126.39
2026-09-18,MTZ,215.595
2026-09-18,MEDP,618.9225
2026-09-18,LNT,66.52
2026-09-18,TSCO,32.91
2026-09-18,J,144.19
2026-09-18,CLH,318.7
2026-09-18,NVR,6302.42
2026-09-18,BEN,32.94
2026-09-18,FTV,54.8795
2026-09-18,RVTY,148.415
2026-09-18,SMTC,177.3101
2026-09-18,WCC,337.42
2026-09-18,MKSI,242.42
2026-09-18,IEX,222.27
2026-09-18,LDOS,130.49
2026-09-18,DUKB,20.98
2026-09-18,NWSA,30.215
2026-09-18,ZBRA,343.955
2026-09-18,DT,56.26
2026-09-18,RGA,248.625
2026-09-18,BALL,61.18
2026-09-18,NLY,21.405
2026-09-18,SUN,78.7
2026-09-18,INVH,27.265
2026-09-18,ROL,33.17
2026-09-18,APG,36.91
2026-09-18,RBC,503.72
2026-09-18,OWL,10.185
2026-09-18,CRBG,35.5
2026-09-18,APA,45.095
2026-09-18,LSCC,110.78
2026-09-18,WY,21.755
2026-09-18,JLL,339.89
2026-09-18,AKAM,108.385
2026-09-18,VNOM,43.345
2026-09-18,DOCN,131.18
2026-09-18,CHTR,134.44
2026-09-18,NBIX,150.9
2026-09-18,IONQ,39.88
2026-09-18,ARMK,57.58
2026-09-18,STRL,495.97
2026-09-18,UNM,95.83
2026-09-18,KIM,22.53
2026-09-18,WPC,66.274
2026-09-18,HST,22.015
2026-09-18,SGI,65.42
2026-09-18,LAMR,147.865
2026-09-18,EQH,54.9
2026-09-18,H,158.45
2026-09-18,SOLV,87.64
2026-09-18,BURL,236.66
2026-09-18,WMG,28.145
2026-09-18,BMNR,24.35
2026-09-18,APOS,25.64
2026-09-18,LOGI,101.97
2026-09-18,CG,40.725
2026-09-18,TEM,79.49
2026-09-18,PNFP,95.41
2026-09-18,PFGC,91.4875
2026-09-18,QNT,54.66
2026-09-18,EXEL,57.72
2026-09-18,VLYPN,25.87
2026-09-18,OHI,47.15
2026-09-18,YUMC,41.64
2026-09-18,W,104.11
2026-09-18,DOC,20.63
2026-09-18,SMMT,17.8299
2026-09-18,ARCC,19.7701
2026-09-18,PTC,130.78
2026-09-18,PAG,216.095
2026-09-18,TLN,295.475
2026-09-18,MAA,121.735
2026-09-18,KKRS,15.73
2026-09-18,CACI,638.645
2026-09-18,SUI,115.67
2026-09-18,TRU,73.435
2026-09-18,TXT,81.5
2026-09-18,LECO,256.38
2026-09-18,AIZ,282.94
2026-09-18,TYL,340.625
2026-09-18,SLMBP,74.1
2026-09-18,VLYPP,25.06
2026-09-18,VLYPO,24.785
2026-09-18,SWK,89.96
2026-09-18,MKC,50.34
2026-09-18,ALB,114.35
2026-09-18,MAS,68.425
2026-09-18,BWXT,147.21
2026-09-18,CRL,281.655
2026-09-18,CET,55.5
2026-09-18,IVZ,30.3821
2026-09-18,TRMB,57.28
2026-09-18,REG,72.87
2026-09-18,MLI,60.305
2026-09-18,BBIO,68.155
2026-09-18,COKE,200.0
2026-09-18,GL,173.21
2026-09-18,SWKS,88.415
2026-09-18,DOCU,70.17
2026-09-18,SJM,122.75
2026-09-18,FIVE,237.67
2026-09-18,BWA,64.2
2026-09-18,AVY,172.0525
2026-09-18,ALLE,153.085
2026-09-18,CNA,47.9
2026-09-18,AUR,6.4537
2026-09-18,IESC,323.985
2026-09-18,HL,19.09
2026-09-18,ULS,63.34
2026-09-18,RPM,100.05
2026-09-18,DTM,124.55
2026-09-18,BMRN,65.54
2026-09-18,CSL,318.26
2026-09-18,WSO,305.91
2026-09-18,PEN,318.24
2026-09-18,HAS,88.85
2026-09-18,SREA,19.75
2026-09-18,SEIC,104.18
2026-09-18,AA,47.33
2026-09-18,AHR,53.355
2026-09-18,TOL,134.99
2026-09-18,LII,359.3825
2026-09-18,HALO,109.07
2026-09-18,ALLY,40.64
2026-09-18,GDDY,97.43
2026-09-18,TME,7.83
2026-09-18,DVA,193.085
2026-09-18,UHAL,63.365
2026-09-18,GGG,76.05
2026-09-18,ONTO,250.305
2026-09-18,MDGL,531.57
2026-09-18,FIG,23.015
2026-09-18,CORT,113.215
2026-09-18,MANH,209.64
2026-09-18,EHC,123.86
2026-09-18,TTMI,115.535
2026-09-18,NXT,80.18
2026-09-18,CSGP,30.0
2026-09-18,GNRC,205.725
2026-09-18,CCK,111.46
2026-09-18,QXO,11.645
2026-09-18,IT,190.38
2026-09-18,BAX,23.235
2026-09-18,CHYM,31.59
2026-09-18,ELS,61.32
2026-09-18,AMKR,47.88
2026-09-18,PSKY,10.585
2026-09-18,FROG,96.26
2026-09-18,AFG,143.02
2026-09-18,GWRE,144.48
2026-09-18,AGNC,9.9692
2026-09-18,WTS,353.66
2026-09-18,DKNG,23.695
2026-09-18,FNF,43.86
2026-09-18,BJ,92.93
2026-09-18,HUBS,235.365
2026-09-18,BTSG,59.245
2026-09-18,SAIL,20.445
2026-09-18,WTRG,41.08
2026-09-18,GLPI,40.035
2026-09-18,AIT,315.985
2026-09-18,PNW,95.375
2026-09-18,ELAN,22.96
2026-09-18,NYT,71.345
2026-09-18,CR,198.09
2026-09-18,HRL,20.775
2026-09-18,TECH,72.37
2026-09-18,HUT,91.985
2026-09-18,SF,74.87
2026-09-18,FHN,23.815
2026-09-18,AMH,31.395
2026-09-18,ERIE,243.72
2026-09-18,FPS,36.965
2026-09-18,GME,22.26
2026-09-18,BEPC,29.73
2026-09-18,AXSM,212.505
2026-09-18,RTO,22.035
2026-09-18,TXRH,169.015
2026-09-18,UDR,34.415
2026-09-18,DKS,124.27
2026-09-18,ARW,216.88
2026-09-18,JKHY,157.165
2026-09-18,HII,279.305
2026-09-18,KNX,67.56
2026-09-18,AR,35.74
2026-09-18,SCI,80.11
2026-09-18,MOH,208.315
2026-09-18,AVTR,15.9
2026-09-18,UHS,181.96
2026-09-18,GSAT,82.7
2026-09-18,TWST,161.45
2026-09-18,DECK,78.445
2026-09-18,EGP,198.63
2026-09-18,ALGN,149.525
2026-09-18,AES,14.84
2026-09-18,SANM,197.535
2026-09-18,DAR,66.865
2026-09-18,PINS,18.59
2026-09-18,CART,45.125
2026-09-18,OSCR,33.805
2026-09-18,TXG,79.27
2026-09-18,BPOP,161.88
2026-09-18,LFUS,406.11
2026-09-18,QRVO,116.758
2026-09-18,AEIS,256.3733
2026-09-18,RYAN,40.06
2026-09-18,CGNX,60.85
2026-09-18,PAYC,227.01
2026-09-18,ENSG,175.345
2026-09-18,UMBF,134.48
2026-09-18,BXP,63.86
2026-09-18,CPT,101.225
2026-09-18,BIO,380.595
2026-09-18,CLX,84.0
2026-09-18,KRYS,342.25
2026-09-18,EVR,263.0925
2026-09-18,DDS,647.37
2026-09-18,VSAT,73.35
2026-09-18,OC,127.74
2026-09-18,KYMR,121.33
2026-09-18,SSB,103.91
2026-09-18,SNAP,5.955
2026-09-18,COO,52.905
2026-09-18,AM,21.185
2026-09-18,GMED,74.895
2026-09-18,MTCH,43.75
2026-09-18,WTFC,148.55
2026-09-18,DCI,86.42
2026-09-18,MGM,38.72
2026-09-18,ALSN,120.62
2026-09-18,DPZ,300.73
2026-09-18,MOD,187.06
2026-09-18,RRX,148.625
2026-09-18,CFR,159.015
2026-09-18,ORI,40.76
2026-09-18,VICR,212.945
2026-09-18,CYTK,70.41
2026-09-18,FDS,274.79
2026-09-18,GKOS,165.16
2026-09-18,ONB,25.39
2026-09-18,FRT,111.525
2026-09-18,ARE,55.585
2026-09-18,PODD,139.41
2026-09-18,MSGS,399.58
2026-09-18,ZION,65.62
2026-09-18,FCFS,220.415
2026-09-18,WMS,126.61
2026-09-18,ARWR,67.56
2026-09-18,SIRI,28.29
2026-09-18,OGE,46.11
2026-09-18,MUSA,517.93
2026-09-18,ONBPP,24.869
2026-09-18,BRKR,62.36
2026-09-18,ONBPO,24.77
2026-09-18,BAH,78.715
2026-09-18,HSIC,84.46
2026-09-18,PTGX,145.11
2026-09-18,SOLS,58.91
2026-09-18,LTH,41.81
2026-09-18,BSY,30.895
2026-09-18,SATA,99.985
2026-09-18,ESTC,88.77
2026-09-18,EMP,19.9589
2026-09-18,FLS,73.03
2026-09-18,TTEK,36.175
2026-09-18,SAIA,347.105
2026-09-18,RMBS,85.26
2026-09-18,R,240.04
2026-09-18,JEF,47.49
2026-09-18,VMI,475.67
2026-09-18,EAI,19.615
2026-09-18,IBRX,8.625
2026-09-18,RRC,39.065
2026-09-18,HLI,130.535
2026-09-18,PCVX,61.29
2026-09-18,JXN,134.26
2026-09-18,LLYVK,98.61
2026-09-18,NIO,3.61
2026-09-18,ENJ,19.375
2026-09-18,SPXC,180.32
2026-09-18,VOYA,99.62
2026-09-18,AMG,348.63
2026-09-18,WLK,70.5
2026-09-18,CTRE,38.125
2026-09-18,CUBE,39.89
2026-09-18,SM,37.75
2026-09-18,PBF,75.745
2026-09-18,PRI,291.49
2026-09-18,KTOS,47.77
2026-09-18,OSK,144.81
2026-09-18,AYI,297.35
2026-09-18,VIRT,56.99
2026-09-18,KNTK,54.39
2026-09-18,MP,49.4
2026-09-18,LLYVA,95.42
2026-09-18,MHK,129.41
2026-09-18,TTC,92.45
2026-09-18,WYNN,84.91
2026-09-18,PRAX,312.69
2026-09-18,FORM,111.68
2026-09-18,VIAV,35.325
2026-09-18,GLXY,22.25
2026-09-18,TGTX,56.73
2026-09-18,EAT,207.735
2026-09-18,DY,286.815
2026-09-18,RGEN,176.155
2026-09-18,REXR,38.6
2026-09-18,LINE,37.74
2026-09-18,BRX,27.995
2026-09-18,AAL,12.975
2026-09-18,WAL,78.635
2026-09-18,DBX,37.61
2026-09-18,ADC,68.16
2026-09-18,COLB,29.96
2026-09-18,IDCC,328.3424
2026-09-18,CHWY,21.08
2026-09-18,CAI,29.91
2026-09-18,PB,70.32
2026-09-18,AGCO,120.33
2026-09-18,RHP,121.57
2026-09-18,S,24.005
2026-09-18,KMX,58.84
2026-09-18,SYRE,94.675
2026-09-18,AVAV,164.0079
2026-09-18,AAOI,98.071
2026-09-18,LNC,43.39
2026-09-18,GTLB,49.69
2026-09-18,TKR,118.83
2026-09-18,FR,62.11
2026-09-18,CBSH,57.35
2026-09-18,UGI,38.25
2026-09-18,NEU,890.93
2026-09-18,KNSL,359.445
2026-09-18,CNM,42.675
2026-09-18,MOS,25.54
2026-09-18,WULF,16.2225
2026-09-18,ACM,62.62
2026-09-18,BOKF,132.55
2026-09-18,SNEX,66.715
2026-09-18,NNN,41.855
2026-09-18,THG,230.62
2026-09-18,CHRD,146.73
2026-09-18,RIOT,21.285
2026-09-18,ATR,125.62
2026-09-18,ESI,32.765
2026-09-18,PCOR,52.26
2026-09-18,SFD,19.99
2026-09-18,APPF,221.6
2026-09-18,PCTY,147.69
2026-09-18,HQY,94.7
2026-09-18,COMP,10.325
2026-09-18,AVT,95.25
2026-09-18,TPGXL,21.38
2026-09-18,ZETA,30.9
2026-09-18,AUGO,92.56
2026-09-18,IMVT,37.53
2026-09-18,HNGE,95.9
2026-09-18,AOS,56.91
2026-09-18,IDA,133.545
2026-09-18,PRMB,21.29
2026-09-18,IONS,46.385
2026-09-18,NFG,80.595
2026-09-18,PRH,21.734
2026-09-18,LEVI,19.8334
2026-09-18,EMN,66.52
2026-09-18,MORN,202.645
2026-09-18,ZWS,45.72
2026-09-18,SARO,22.845
2026-09-18,FAF,73.83
2026-09-18,VLY,13.61
2026-09-18,CBC,31.385
2026-09-18,LAD,340.655
2026-09-18,CMC,67.505
2026-09-18,APLD,25.448
2026-09-18,RAL,66.96
2026-09-18,SLAB,219.85
2026-09-18,CLF,12.84
2026-09-18,NOV,20.45
2026-09-18,CAG,15.185
2026-09-18,KEX,138.05
2026-09-18,PRS,20.6581
2026-09-18,GAP,20.565
2026-09-18,PATH,13.8596
2026-09-18,GJS,23.12
2026-09-18,TRNO,66.19
2026-09-18,BROS,41.175
2026-09-18,NTSK,17.535
2026-09-18,STAG,37.15
2026-09-18,CELH,28.28
2026-09-18,ACA,145.58
2026-09-18,MTDR,57.69
2026-09-18,MATX,238.54
2026-09-18,NE,44.66
2026-09-18,FLR,53.255
2026-09-18,ZG,31.67
2026-09-18,PPC,29.88
2026-09-18,AXTA,33.23
2026-09-18,CIFR,17.12
2026-09-18,OKLO,38.1
2026-09-18,SSD,172.82
2026-09-18,LUMN,6.805
2026-09-18,OMF,60.945
2026-09-18,FSS,114.64
2026-09-18,Z,30.9746
2026-09-18,MSA,179.755
2026-09-18,RYTM,100.71
2026-09-18,BLTE,171.98
2026-09-18,MGY,25.755
2026-09-18,DUOL,146.38
2026-09-18,MSM,122.36
2026-09-18,PACS,42.945
2026-09-18,MXL,74.97
2026-09-18,HXL,89.7
2026-09-18,TTD,14.38
2026-09-18,ACT,49.1
2026-09-18,TEX,59.04
2026-09-18,CGON,75.82
2026-09-18,AWI,158.79
2026-09-18,NCLH,14.6
2026-09-18,ESE,258.225
2026-09-18,ETSY,72.72
2026-09-18,WEX,195.465
2026-09-18,HIMS,28.54
2026-09-18,QBTS,17.465
2026-09-18,POWL,181.59
2026-09-18,CHE,506.18
2026-09-18,PLXS,247.55
2026-09-18,LNTH,100.98
2026-09-18,URBN,76.68
2026-09-18,SFM,70.235
2026-09-18,AN,198.05
2026-09-18,AMRX,18.77
2026-09-18,XE,16.06
2026-09-18,VNO,34.74
2026-09-18,LW,47.18
2026-09-18,VCTR,104.99
2026-09-18,RUSHB,55.32
2026-09-18,TXNM,58.465
2026-09-18,UBSI,47.225
2026-09-18,MAC,22.655
2026-09-18,AAON,77.71
2026-09-18,MIRM,98.64
2026-09-18,GATX,180.94
2026-09-18,CPB,21.375
2026-09-18,ORKA,96.26
2026-09-18,BLDR,59.09
2026-09-18,ALGM,34.065
2026-09-18,HR,18.475
2026-09-18,LQDA,70.69
2026-09-18,FNB,17.895
2026-09-18,QLYS,182.595
2026-09-18,SWX,87.145
2026-09-18,ENS,174.73
2026-09-18,INGR,99.25
2026-09-18,PJT,151.415
2026-09-18,INGM,26.84
2026-09-18,CMSC,20.68
2026-09-18,KNSA,79.31
2026-09-18,JOBY,6.22
2026-09-18,RNG,74.005
2026-09-18,MMED,21.88
2026-09-18,VSXY,76.9299
2026-09-18,ACI,12.64
2026-09-18,LEA,124.215
2026-09-18,CVLT,147.71
2026-09-18,CMSD,20.43
2026-09-18,TVTX,64.855
2026-09-18,CACC,588.535
2026-09-18,NPO,288.01
2026-09-18,MTG,29.69
2026-09-18,POOL,167.35
2026-09-18,PL,16.71
2026-09-18,EPAM,117.68
2026-09-18,CRUS,120.665
2026-09-18,RDNT,76.83
2026-09-18,CZR,29.645
2026-09-18,LOAR,64.03
2026-09-18,KGS,59.3025
2026-09-18,HWC,74.645
2026-09-18,ORA,97.36
2026-09-18,LGN,55.34
2026-09-18,RSI,25.77
2026-09-18,CAVA,51.09
2026-09-18,ANF,140.48
2026-09-18,SRRK,48.91
2026-09-18,HOMB,29.77
2026-09-18,RYN,19.99
2026-09-18,WFRD,82.98
2026-09-18,CROX,123.19
2026-09-18,MBGL,19.98
2026-09-18,GBCI,44.99
2026-09-18,LKQ,23.11
2026-09-18,PEGA,35.545
2026-09-18,CGABL,16.15
2026-09-18,CMSA,19.46
2026-09-18,STEP,48.2375
2026-09-18,COGT,33.54
2026-09-18,RUSHA,49.85
2026-09-18,USAR,15.465
2026-09-18,LYFT,15.295
2026-09-18,SNDR,32.95
2026-09-18,NAVN,22.17
2026-09-18,VAL,83.105
2026-09-18,LSTR,169.94
2026-09-18,CHDN,82.665
2026-09-18,EPRT,26.6
2026-09-18,ECG,112.645
2026-09-18,MKTX,163.41
2026-09-18,DNTH,102.81
2026-09-18,JBTM,110.61
2026-09-18,CWST,89.815
2026-09-18,XMTR,99.16
2026-09-18,BGC,11.955
2026-09-18,PTCT,67.85
2026-09-18,M,21.67
2026-09-18,POR,48.05
2026-09-18,ERAS,16.15
2026-09-18,ASB,29.805
2026-09-18,RRR,53.54
2026-09-18,HRB,45.55
2026-09-18,SAIC,133.905
2026-09-18,LGND,281.39
2026-09-18,OBDC,11.37
2026-09-18,MCY,101.04
2026-09-18,ABCB,83.345
2026-09-18,STWD,15.07
2026-09-18,PI,182.56
2026-09-18,AUB,39.05
2026-09-18,CORZ,17.34
2026-09-18,FTDR,80.14
2026-09-18,SHC,19.315
2026-09-18,RLI,59.96
2026-09-18,AROC,31.36
2026-09-18,INSW,110.96
2026-09-18,PAGP,27.76
2026-09-18,EXP,179.06
2026-09-18,VRNS,47.75
2026-09-18,BYD,75.475
2026-09-18,TTAN,56.755
2026-09-18,YOU,40.435
2026-09-18,SXT,128.43
2026-09-18,PFH,15.31
2026-09-18,OZK,48.26
2026-09-18,ROAD,95.0
2026-09-18,NJR,53.67
2026-09-18,BKH,71.19
2026-09-18,ELF,91.9
2026-09-18,MUR,37.805
2026-09-18,WHD,67.56
2026-09-18,DLB,57.76
2026-09-18,CVI,53.7325
2026-09-18,EXLS,35.545
2026-09-18,GXO,46.96
2026-09-18,AGX,383.67
2026-09-18,MAIN,57.54
2026-09-18,BCPC,168.08
2026-09-18,IBP,201.585
2026-09-18,TFX,126.3
2026-09-18,SPHR,148.73
2026-09-18,MTRN,255.97
2026-09-18,RITM,9.525
2026-09-18,CORZZ,16.54
2026-09-18,DFTX,39.47
2026-09-18,NIQ,17.965
2026-09-18,MRCY,87.865
2026-09-18,RGTI,15.775
2026-09-18,FLG,12.665
2026-09-18,SIGI,88.18
2026-09-18,AX,91.725
2026-09-18,MWH,25.71
2026-09-18,NOVT,137.36
2026-09-18,CLMT,59.065
2026-09-18,PSMT,168.0
2026-09-18,SEI,67.665
2026-09-18,CNO,55.95
2026-09-18,EWTX,47.65
2026-09-18,WAY,26.935
2026-09-18,ACIW,51.11
2026-09-18,SBRA,20.165
2026-09-18,HESM,40.11
2026-09-18,VSNT,36.99
2026-09-18,ADT,7.025
2026-09-18,VSEC,182.465
2026-09-18,KRG,25.56
2026-09-18,MMSI,85.63
2026-09-18,CE,46.55
2026-09-18,BLLN,107.97
2026-09-18,WH,68.55
2026-09-18,PIPR,71.61
2026-09-18,VFC,12.865
2026-09-18,MIDD,111.51
2026-09-18,GVA,115.05
2026-09-18,NXST,163.31
2026-09-18,IRDM,47.36
2026-09-18,CWEN,30.6
2026-09-18,VSH,32.66
2026-09-18,OTF,10.915
2026-09-18,CNX,33.765
2026-09-18,FND,46.86
2026-09-18,PSN,46.695
2026-09-18,OUT,28.24
2026-09-18,LAUR,36.1
2026-09-18,OCTV,18.495
2026-09-18,WTM,2079.12
2026-09-18,LFST,12.955
2026-09-18,HAE,108.785
2026-09-18,AMTM,20.24
2026-09-18,GBTG,9.47
2026-09-18,EBC,21.63
2026-09-18,IEP,6.95
2026-09-18,MTN,138.4
2026-09-18,PBLS,40.34
2026-09-18,IOVA,10.845
2026-09-18,BETA,20.96
2026-09-18,HCC,92.73
2026-09-18,DK,79.83
2026-09-18,HLNE,88.67
2026-09-18,CAKE,97.73
2026-09-18,PECO,37.67
2026-09-18,KRMN,36.55
2026-09-18,NSIT,164.7
2026-09-18,GOLF,82.6
2026-09-18,CRC,54.27
2026-09-18,HRI,144.17
2026-09-18,OGS,76.54
2026-09-18,SON,48.6
2026-09-18,GHC,1128.56
2026-09-18,BOX,34.815
2026-09-18,ACAD,27.7
2026-09-18,FBIN,39.96
2026-09-18,FRVO,16.18
2026-09-18,UNF,263.64
2026-09-18,FFIN,33.18
2026-09-18,HGTY,13.83
2026-09-18,ENPH,35.915
2026-09-18,MRP,28.57
2026-09-18,SR,80.25
2026-09-18,REYN,22.5
2026-09-18,SKY,87.14
2026-09-18,TFSL,16.845
2026-09-18,SLM,25.13
2026-09-18,GNTX,22.395
2026-09-18,HASI,36.69
2026-09-18,CRGY,14.255
2026-09-18,CSW,287.125
2026-09-18,MC,59.67
2026-09-18,RELY,22.05
2026-09-18,AIR,115.85
2026-09-18,DAVE,365.0
2026-09-18,RDN,35.12
2026-09-18,CNR,93.5
2026-09-18,CON,36.35
2026-09-18,CUZ,28.13
2026-09-18,ACMR,66.42
2026-09-18,DOCS,25.93
2026-09-18,KBR,36.61
2026-09-18,LPX,65.95
2026-09-18,PTEN,12.085
2026-09-18,OII,46.17
2026-09-18,PAY,36.42
2026-09-18,EQPT,18.05
2026-09-18,DHCNL,18.8834
2026-09-18,NNI,127.25
2026-09-18,CHEF,111.35
2026-09-18,HCXY,24.98
2026-09-18,KVYO,15.895
2026-09-18,ALK,40.47
2026-09-18,ADPT,28.25
2026-09-18,SFBS,41.135
2026-09-18,UFPI,81.23
2026-09-18,TPC,85.195
2026-09-18,FULT,23.445
2026-09-18,BWIN,32.02
2026-09-18,TREX,43.795
2026-09-18,ENO,20.83
2026-09-18,BCO,108.06
2026-09-18,CHH,98.31
2026-09-18,OLLI,74.74
2026-09-18,BC,68.405
2026-09-18,ENVA,178.0
2026-09-18,DHCNI,18.34
2026-09-18,BDC,112.96
2026-09-18,TDW,88.59
2026-09-18,IBOC,70.74
2026-09-18,EPR,56.87
2026-09-18,AXTI,66.2599
2026-09-18,OXLCM,25.0
2026-09-18,MARA,11.205
2026-09-18,VNT,31.96
2026-09-18,OXLCZ,24.87
2026-09-18,RUM,8.705
2026-09-18,ALH,21.69
2026-09-18,CVSA,126.34
2026-09-18,RLAY,19.62
2026-09-18,ITGR,126.31
2026-09-18,AMLX,34.205
2026-09-18,HTFL,49.25
2026-09-18,GFF,94.48
2026-09-18,MYRG,274.635
2026-09-18,DIOD,92.67
2026-09-18,OXLCN,24.58
2026-09-18,NWE,69.32
2026-09-18,FELE,96.045
2026-09-18,MTH,65.045
2026-09-18,TDS,36.83
2026-09-18,FHI,56.76
2026-09-18,PARR,84.54
2026-09-18,CELC,86.39
2026-09-18,OPLN,34.595
2026-09-18,EE,37.22
2026-09-18,CVCO,547.79
2026-09-18,REGCP,23.0
2026-09-18,ONDS,7.3601
2026-09-18,BILL,49.26
2026-09-18,HP,42.02
2026-09-18,CECO,71.67
2026-09-18,UCB,34.79
2026-09-18,OXLCL,24.16
2026-09-18,ELC,19.65
2026-09-18,GEO,31.78
2026-09-18,BFH,108.81
2026-09-18,BULL,7.7175
2026-09-18,ACHR,5.3507
2026-09-18,KFY,76.165
2026-09-18,COLD,14.54
2026-09-18,TCBI,95.3
2026-09-18,CATY,62.06
2026-09-18,TNGX,24.53
2026-09-18,SEB,4310.4175
2026-09-18,ESAB,66.385
2026-09-18,TENB,37.4675
2026-09-18,SKT,35.88
2026-09-18,AQN,5.33
2026-09-18,OXLCO,23.5962
2026-09-18,CAR,115.79
2026-09-18,PRIM,75.885
2026-09-18,FSLY,25.5
2026-09-18,WSFS,79.45
2026-09-18,CBT,78.52
2026-09-18,SLGN,38.23
2026-09-18,CENX,40.81
2026-09-18,KRC,34.62
2026-09-18,CVBF,22.81
2026-09-18,ITRI,91.675
2026-09-18,LILAP,20.48
2026-09-18,DTW,19.24
2026-09-18,WK,73.56
2026-09-18,CNK,34.395
2026-09-18,LOPE,152.825
2026-09-18,AZZ,132.505
2026-09-18,FCN,144.05
2026-09-18,REGCO,21.67
2026-09-18,BRC,84.21
2026-09-18,TNL,64.5
2026-09-18,MIR,15.79
2026-09-18,CDP,34.62
2026-09-18,SEZL,116.52
2026-09-18,MDU,18.635
2026-09-18,INDB,82.44
2026-09-18,ICUI,154.725
2026-09-18,GEF,83.77
2026-09-18,SITE,88.48
2026-09-18,CRK,13.14
2026-09-18,GNW,10.205
2026-09-18,NVST,23.9
2026-09-18,USAC,26.4
2026-09-18,LMND,49.36
2026-09-18,PLNT,50.73
2026-09-18,IOND,84.64
2026-09-18,AVNT,41.39
2026-09-18,MSGE,80.24
2026-09-18,CCC,6.435
2026-09-18,SKYW,97.6
2026-09-18,IDYA,39.27
2026-09-18,WSBC,39.5
2026-09-18,SMR,8.805
2026-09-18,PLSE,52.975
2026-09-18,RHI,36.91
2026-09-18,MIAX,37.97
2026-09-18,MAT,13.175
2026-09-18,OTTR,89.14
2026-09-18,ASBA,24.8
2026-09-18,ELVN,51.0425
2026-09-18,TARS,79.4916
2026-09-18,BNL,19.37
2026-09-18,IRTC,112.38
2026-09-18,HHH,62.02
2026-09-18,RNST,40.52
2026-09-18,CNS,71.99
2026-09-18,BMI,127.68
2026-09-18,DORM,124.06
2026-09-18,UNMA,21.615
2026-09-18,BANF,109.44
2026-09-18,APLE,15.575
2026-09-18,BOOT,121.319
2026-09-18,JOE,64.345
2026-09-18,QTWO,58.67
2026-09-18,SLG,51.61
2026-09-18,PLMR,138.64
2026-09-18,SYNA,91.78
2026-09-18,FLY,21.76
2026-09-18,THO,69.665
2026-09-18,KTB,66.33
2026-09-18,BATRA,56.45
2026-09-18,MGNI,25.236
2026-09-18,ATMU,44.225
2026-09-18,MHO,142.29
2026-09-18,OPCH,24.0
2026-09-18,OGN,13.675
2026-09-18,FA,20.895
2026-09-18,CRVL,71.03
2026-09-18,LXP,60.82
2026-09-18,IRT,15.145
2026-09-18,IPAR,111.35
2026-09-18,ABG,198.54
2026-09-18,FIBK,37.18
2026-09-18,VAC,102.92
2026-09-18,CII,23.795
2026-09-18,VKTX,30.335
2026-09-18,NIC,168.52
2026-09-18,GPGI,12.145
2026-09-18,NHC,224.78
2026-09-18,OLED,76.51
2026-09-18,PDI,14.46
2026-09-18,GRAL,78.52
2026-09-18,CXW,35.42
2026-09-18,CALM,74.6
2026-09-18,PTRN,19.6778
2026-09-18,VVV,27.21
2026-09-18,BELFB,240.1
2026-09-18,PFSI,66.68
2026-09-18,LEGN,17.8
2026-09-18,AWR,86.62
2026-09-18,CORZW,10.66
2026-09-18,MWA,21.8846
2026-09-18,LUNR,14.915
2026-09-18,LRN,82.145
2026-09-18,POST,77.45
2026-09-18,NATL,46.015
2026-09-18,NHI,69.18
2026-09-18,MCHB,15.415
2026-09-18,FULTP,17.7801
2026-09-18,HIW,30.77
2026-09-18,WT,22.4
2026-09-18,BBWI,16.82
2026-09-18,FFBC,32.26
2026-09-18,DTG,16.25
2026-09-18,PVH,73.28
2026-09-18,BTU,27.71
2026-09-18,CLSK,13.065
2026-09-18,COCO,57.145
2026-09-18,AB,36.0
2026-09-18,HNI,46.4
2026-09-18,USLM,116.6225
2026-09-18,DAN,31.075
2026-09-18,HTGC,17.83
2026-09-18,FRSH,12.77
2026-09-18,ARLP,25.87
2026-09-18,LIF,40.83
2026-09-18,DYN,17.81
2026-09-18,IPGP,78.045
2026-09-18,PRK,183.665
2026-09-18,WSC,18.305
2026-09-18,NTRSO,18.11
2026-09-18,CURB,28.755
2026-09-18,SFNC,22.875
2026-09-18,GBDC,12.715
2026-09-18,FOUR,41.77
2026-09-18,DTB,15.8482
2026-09-18,CBU,62.6
2026-09-18,ACLS,106.47
2026-09-18,BATRK,51.16
2026-09-18,BFAM,67.46
2026-09-18,SBCF,33.82
2026-09-18,DNLI,20.47
2026-09-18,AD,37.575
2026-09-18,NMIH,43.21
2026-09-18,FSK,11.755
2026-09-18,EXPO,68.32
2026-09-18,ASH,70.88
2026-09-18,RCUS,25.49
2026-09-18,CSQ,20.42
2026-09-18,QS,5.22
2026-09-18,OSIS,202.7
2026-09-18,GPI,271.02
2026-09-18,NESR,31.95
2026-09-18,VCYT,40.04
2026-09-18,ATKR,94.515
2026-09-18,PII,56.085
2026-09-18,RXO,19.3
2026-09-18,SMG,54.5869
2026-09-18,BKU,44.52
2026-09-18,SXI,258.05
2026-09-18,CLDX,40.24
2026-09-18,CPK,130.97
2026-09-18,KAI,266.87
2026-09-18,BSM,14.81
2026-09-18,FRMI,4.915
2026-09-18,TNET,68.41
2026-09-18,LBRT,19.23
2026-09-18,FHB,25.725
2026-09-18,ASO,50.77
2026-09-18,FGN,24.73
2026-09-18,KNF,54.9
2026-09-18,ARQT,24.79
2026-09-18,RWTN,24.08
2026-09-18,AVAH,14.245
2026-09-18,GENVR,5.19
2026-09-18,MBX,64.5
2026-09-18,NAN,10.24
2026-09-18,FG,23.58
2026-09-18,CARG,34.62
2026-09-18,AVA,36.78
2026-09-18,UCTT,67.97
2026-09-18,SHOO,41.92
2026-09-18,DX,12.315
2026-09-18,WGS,102.37
2026-09-18,KN,35.735
2026-09-18,DKL,56.965
2026-09-18,PK,15.045
2026-09-18,PFS,23.13
2026-09-18,LFTO,17.78
2026-09-18,TMDX,86.76
2026-09-18,KBH,49.05
2026-09-18,RWTO,23.26
2026-09-18,FRPT,62.51
2026-09-18,PLUG,2.1486
2026-09-18,MMS,57.32
2026-09-18,PURR,12.6102
2026-09-18,YETI,41.065
2026-09-18,ATRC,58.7
2026-09-18,DBRG,15.89
2026-09-18,FIZZ,31.82
2026-09-18,SLDE,25.43
2026-09-18,NFEGP,519.84
2026-09-18,GRDN,46.825
2026-09-18,CBZ,54.65
2026-09-18,SLNHP,12.0
2026-09-18,APAM,36.5
2026-09-18,BOH,74.76
2026-09-18,WRBY,23.86
2026-09-18,EXTR,22.59
2026-09-18,CWT,47.65
2026-09-18,CWK,12.545
2026-09-18,ABM,49.935
2026-09-18,ARCB,130.69
2026-09-18,BANC,18.46
2026-09-18,SOUN,6.058
2026-09-18,AGYS,103.28
2026-09-18,COLM,56.82
2026-09-18,WOR,59.44
2026-09-18,AEHR,88.87
2026-09-18,NVTS,11.085
2026-09-18,GRBK,67.26
2026-09-18,SPSC,80.32
2026-09-18,RDW,11.5614
2026-09-18,GPK,9.76
2026-09-18,DXPE,186.01
2026-09-18,AMBA,65.3
2026-09-18,AVPT,13.58
2026-09-18,REZI,18.92
2026-09-18,HGV,36.935
2026-09-18,GPOR,162.07
2026-09-18,NTCT,39.35
2026-09-18,TALO,17.12
2026-09-18,DNOW,15.795
2026-09-18,MGEE,75.425
2026-09-18,TR,37.955
2026-09-18,KD,13.075
2026-09-18,LEU,144.28
2026-09-18,WTTR,20.5
2026-09-18,WING,104.2
2026-09-18,CHRN,19.45
2026-09-18,BRZE,24.83
2026-09-18,BHF,49.01
2026-09-18,BELFA,194.91
2026-09-18,CDNA,54.39
2026-09-18,UNFI,46.55
2026-09-18,NEOG,12.8662
2026-09-18,ADEA,25.44
2026-09-18,POWWP,24.14
2026-09-18,PPLI,37.54
2026-09-18,BKD,11.695
2026-09-18,PGEN,7.795
2026-09-18,ATRO,64.875
2026-09-18,FTAIM,27.155
2026-09-18,IMNM,24.48
2026-09-18,INTA,36.3
2026-09-18,MZTI,101.745
2026-09-18,TOWN,37.2
2026-09-18,POWI,49.56
2026-09-18,FUL,51.155
2026-09-18,HAYW,12.965
2026-09-18,TDC,29.49
2026-09-18,HOG,26.29
2026-09-18,AXGN,46.6275
2026-09-18,TRMK,46.93
2026-09-18,CXT,47.3375
2026-09-18,MGRC,111.52
2026-09-18,NRIX,26.235
2026-09-18,ALRM,55.2
2026-09-18,DGII,71.315
2026-09-18,FBK,54.08
2026-09-18,APPN,37.715
2026-09-18,KWR,156.75
2026-09-18,BHE,75.01
2026-09-18,NMFCZ,25.33
2026-09-18,IRON,69.97
2026-09-18,NOG,25.21
2026-09-18,NBTB,51.69
2026-09-18,MAN,57.75
2026-09-18,ACHC,28.73
2026-09-18,CALY,14.945
2026-09-18,AKR,19.39
2026-09-18,ASST,28.465
2026-09-18,PENG,51.72
2026-09-18,CUBI,78.29
2026-09-18,ZIONP,18.083
2026-09-18,HTO,62.83
2026-09-18,VC,98.305
2026-09-18,GDV,29.06
2026-09-18,BEAM,25.34
2026-09-18,GCMG,12.89
2026-09-18,CHTRP,22.8
2026-09-18,BANR,71.19
2026-09-18,BCC,74.74
2026-09-18,FBNC,62.85
2026-09-18,BBT,31.02
2026-09-18,PRVA,20.32
2026-09-18,MLYS,29.32
2026-09-18,EMAT,4.16
2026-09-18,MFAN,25.18
2026-09-18,FIVN,34.57
2026-09-18,MFAO,25.16
2026-09-18,FRME,41.12
2026-09-18,BRVE,28.565
2026-09-18,VECO,42.005
2026-09-18,HWKN,122.94
2026-09-18,NMRK,14.15
2026-09-18,COHU,54.05
2026-09-18,KALU,156.43
2026-09-18,OUST,35.45
2026-09-18,EEFT,68.28
2026-09-18,CENT,40.73
2026-09-18,OPEN,2.625
2026-09-18,TTAM,13.81
2026-09-18,WDFC,189.635
2026-09-18,NN,15.04
2026-09-18,AAP,42.0
2026-09-18,DRH,12.385
2026-09-18,UE,20.07
2026-09-18,BKV,23.093
2026-09-18,FCPT,23.0
2026-09-18,SKWD,56.74
2026-09-18,DCO,166.77
2026-09-18,GPCR,35.1605
2026-09-18,CLOV,4.72
2026-09-18,NEO,19.51
2026-09-18,BUSE,30.32
2026-09-18,ARR,14.98
2026-09-18,LPG,58.5
2026-09-18,AEO,14.92
2026-09-18,VRDN,22.05
2026-09-18,SUPN,42.945
2026-09-18,VERA,34.61
2026-09-18,WLY,48.98
2026-09-18,HRMY,42.61
2026-09-18,SYBT,79.72
2026-09-18,LIFE,38.81
2026-09-18,WLYB,48.74
2026-09-18,RH,129.66
2026-09-18,ANDE,72.0
2026-09-18,UPST,25.0
2026-09-18,WAFD,32.82
2026-09-18,HURN,152.5
2026-09-18,SHAK,56.68
2026-09-18,IVT,31.08
2026-09-18,AMC,2.715
2026-09-18,NWL,5.685
2026-09-18,AGM,222.8
2026-09-18,DJT,8.6938
2026-09-18,WSBCO,25.1701
2026-09-18,MBIN,52.53
2026-09-18,PAYO,7.12
2026-09-18,VVX,76.755
2026-09-18,PLUS,91.92
2026-09-18,PBI,17.37
2026-09-18,ROG,133.14
2026-09-18,AMR,187.5
2026-09-18,BGR,17.415
2026-09-18,PENN,17.61
2026-09-18,RVMDW,11.0
2026-09-18,NGVT,68.56
2026-09-18,MFICL,25.165
2026-09-18,UNIT,9.625
2026-09-18,NKTR,68.25
2026-09-18,LTC,43.21
2026-09-18,SLS,11.51
2026-09-18,HCI,186.63
2026-09-18,OCUL,10.545
2026-09-18,RAMP,38.0
2026-09-18,ADAMM,25.68
2026-09-18,VOYG,37.11
2026-09-18,KMT,30.07
2026-09-18,SAH,72.49
2026-09-18,IOSP,92.435
2026-09-18,PHIN,62.07
2026-09-18,NCNO,21.505
2026-09-18,LASR,39.39
2026-09-18,RGTIW,6.8
2026-09-18,BXMT,13.45
2026-09-18,NWBI,15.445
2026-09-18,ADAMI,24.92
2026-09-18,TRN,28.32
2026-09-18,GENB,17.5601
2026-09-18,ADAML,25.075
2026-09-18,EFSC,62.07
2026-09-18,COTY,2.55
2026-09-18,PVLA,155.57
2026-09-18,PATK,69.78
2026-09-18,STUB,5.855
2026-09-18,HLIO,67.7
2026-09-18,CALX,35.355
2026-09-18,ALGT,81.28
2026-09-18,MCRI,123.95
2026-09-18,CNXN,87.785
2026-09-18,HTH,38.655
2026-09-18,BCRX,8.65
2026-09-18,TRVI,15.49
2026-09-18,ADAMN,24.53
2026-09-18,PMTU,25.26
2026-09-18,CC,14.63
2026-09-18,CENTA,35.095
2026-09-18,ADUS,117.6
2026-09-18,PBH,46.28
2026-09-18,ASAN,9.575
2026-09-18,SRPT,20.755
2026-09-18,DBD,64.55
2026-09-18,NOVTU,57.8
2026-09-18,VIA,26.81
2026-09-18,FIGS,13.06
2026-09-18,WERN,36.14
2026-09-18,MPT,3.625
2026-09-18,ZBIO,33.21
2026-09-18,FLYW,17.76
2026-09-18,UFPT,278.5
2026-09-18,MTX,69.07
2026-09-18,MD,26.4
2026-09-18,FCF,21.2
2026-09-18,PTON,4.88
2026-09-18,BUSEP,25.9
2026-09-18,NUVB,6.08
2026-09-18,ECPG,100.41
2026-09-18,BFLY,7.98
2026-09-18,INSP,73.39
2026-09-18,WHR,32.49
2026-09-18,ALMR,30.455
2026-09-18,PGNY,27.465
2026-09-18,KOD,33.46
2026-09-18,UAA,4.895
2026-09-18,PRCH,15.93
2026-09-18,LCII,86.35
2026-09-18,DV,13.475
2026-09-18,PRDO,33.15
2026-09-18,BTX,8.7782
2026-09-18,VCEL,40.355
2026-09-18,RUN,8.575
2026-09-18,SRCE,85.735
2026-09-18,SHO,11.085
2026-09-18,GNL,8.885
2026-09-18,UTZ,14.275
2026-09-18,NWN,48.76
2026-09-18,INVX,29.34
2026-09-18,UA,4.77
2026-09-18,BKE,39.74
2026-09-18,ALG,168.1
2026-09-18,NGL,16.39
2026-09-18,TBBK,50.13
2026-09-18,RAPP,42.595
2026-09-18,ZD,59.325
2026-09-18,PRLB,85.0
2026-09-18,WU,6.5172
2026-09-18,PEB,17.98
2026-09-18,PLPC,414.855
2026-09-18,AGIO,33.97
2026-09-18,HUBG,33.13
2026-09-18,CIMN,25.1201
2026-09-18,MFP,44.715
2026-09-18,STC,66.23
2026-09-18,ALKT,18.9
2026-09-18,CHCO,143.74
2026-09-18,TILE,34.82
2026-09-18,SDGR,26.825
2026-09-18,ADMA,8.945
2026-09-18,COAG,42.885
2026-09-18,ATEN,27.56
2026-09-18,BLKB,44.01
2026-09-18,SPB,86.72
2026-09-18,ICHR,53.165
2026-09-18,HYMC,21.335
2026-09-18,DRVN,12.05
2026-09-18,UMBFO,26.17
2026-09-18,VERX,12.25
2026-09-18,TIC,9.105
2026-09-18,UWMC,1.235
2026-09-18,SHAZ,55.3
2026-09-18,FTRE,20.815
2026-09-18,HMN,48.86
2026-09-18,SFB,19.3
2026-09-18,GSHD,55.48
2026-09-18,TH,19.77
2026-09-18,BLBD,62.11
2026-09-18,KYN,14.42
2026-09-18,ALHC,9.455
2026-09-18,BHVN,12.94
2026-09-18,ZYME,27.51
2026-09-18,OLN,17.12
2026-09-18,LIME,29.99
2026-09-18,DHC,8.035
2026-09-18,BRSL,10.505
2026-09-18,EZPW,31.525
2026-09-18,INOD,56.3356
2026-09-18,CTRI,19.17
2026-09-18,XRAY,9.655
2026-09-18,NSP,50.17
2026-09-18,ABXL,25.6595
2026-09-18,QUBT,8.42
2026-09-18,MRVI,7.335
2026-09-18,HOS,8.565
2026-09-18,RVT,17.56
2026-09-18,SNDA,39.36
2026-09-18,CDZIP,22.29
2026-09-18,VIR,11.15
2026-09-18,RXRX,3.5214
2026-09-18,SONO,15.9
2026-09-18,TY,34.6
2026-09-18,GRC,71.2
2026-09-18,SEPN,40.09
2026-09-18,GCT,52.3884
2026-09-18,NEXT,7.025
2026-09-18,GEL,15.275
2026-09-18,KSS,16.44
2026-09-18,GTY,30.075
2026-09-18,FLOC,20.595
2026-09-18,GABC,49.3
2026-09-18,NHPBP,25.39
2026-09-18,LMAT,80.86
2026-09-18,FSUN,39.675
2026-09-18,HAPN,16.01
2026-09-18,PDFS,43.69
2026-09-18,PRGO,13.29
2026-09-18,STOK,28.58
2026-09-18,NTST,18.14
2026-09-18,DXC,11.52
2026-09-18,RBCAA,93.72
2026-09-18,MNR,10.99
2026-09-18,NBHC,41.15
2026-09-18,ASTH,36.935
2026-09-18,VSTS,13.86
2026-09-18,HWCPZ,21.5999
2026-09-18,LIND,27.85
2026-09-18,XNCR,24.56
2026-09-18,WKC,35.66
2026-09-18,SBET,8.365
2026-09-18,STRA,81.55
2026-09-18,WMK,73.1
2026-09-18,EPAC,35.26
2026-09-18,MIY,12.1
2026-09-18,DCOM,40.575
2026-09-18,BLFS,36.59
2026-09-18,NTLA,12.77
2026-09-18,SMA,32.28
2026-09-18,HOPE,13.98
2026-09-18,JSM,17.88
2026-09-18,ACVA,10.465
2026-09-18,LOB,38.39
2026-09-18,SGRY,13.535
2026-09-18,SAM,172.075
2026-09-18,OCFC,18.23
2026-09-18,TRNZ,25.055
2026-09-18,TRNI,25.05
2026-09-18,WTFCN,26.09
2026-09-18,LCID,4.465
2026-09-18,STBA,49.84
2026-09-18,PDO,11.975
2026-09-18,PGY,21.06
2026-09-18,CCS,61.54
2026-09-18,MUJ,11.76
2026-09-18,CNXC,28.645
2026-09-18,PSNL,16.365
2026-09-18,AFGB,21.06
2026-09-18,HE,10.105
2026-09-18,AI,10.855
2026-09-18,OZKAP,15.335
2026-09-18,GLP,50.9371
2026-09-18,DEI,10.295
2026-09-18,TRIN,18.185
2026-09-18,WS,33.8
2026-09-18,IDT,69.19
2026-09-18,CNOB,31.62
2026-09-18,TCBK,53.69
2026-09-18,AESI,13.72
2026-09-18,ANIP,74.69
2026-09-18,AIN,60.31
2026-09-18,AFGD,20.61
2026-09-18,BDJ,9.655
2026-09-18,TSHA,5.24
2026-09-18,LILAK,8.715
2026-09-18,TYRA,24.83
2026-09-18,LILA,8.71
2026-09-18,PRGS,41.54
2026-09-18,JBLU,4.5147
2026-09-18,BY,37.68
2026-09-18,KRP,14.76
2026-09-18,AMPL,13.51
2026-09-18,BFC,151.6
2026-09-18,ADIG,22.135
2026-09-18,KARD,17.915
2026-09-18,NVAX,10.155
2026-09-18,PLAB,28.375
2026-09-18,KLRA,12.91
2026-09-18,HAWK,17.0824
2026-09-18,RLJ,10.98
2026-09-18,RZC,25.59
2026-09-18,ALNT,98.255
2026-09-18,CBL,53.7
2026-09-18,BL,28.565
2026-09-18,ETV,15.146
2026-09-18,QCRH,101.055
2026-09-18,ETON,57.89
2026-09-18,OBK,53.57
2026-09-18,CTS,57.83
2026-09-18,GLOB,38.08
2026-09-18,MQ,15.79
2026-09-18,PRKS,36.13
2026-09-18,FRNM,15.245
2026-09-18,BAND,50.87
2026-09-18,XHR,17.74
2026-09-18,ABSI,9.52
2026-09-18,EFC,12.645
2026-09-18,ANAB,54.995
2026-09-18,HUN,9.245
2026-09-18,CASH,78.035
2026-09-18,MHD,10.89
2026-09-18,ITG,13.045
2026-09-18,BPOPM,25.32
2026-09-18,DSGR,34.88
2026-09-18,PBT,34.48
2026-09-18,LTGO,24.205
2026-09-18,SNDX,17.94
2026-09-18,CDNL,33.7225
2026-09-18,KMPR,27.16
2026-09-18,WWW,19.46
2026-09-18,ADAMZ,17.705
2026-09-18,INBX,107.97
2026-09-18,OXLC,9.135
2026-09-18,FRMEP,25.22
2026-09-18,WLTH,10.12
2026-09-18,FRA,10.61
2026-09-18,ICFI,87.78
2026-09-18,IMKTA,82.87
2026-09-18,ATEC,10.175
2026-09-18,GAB,5.345
2026-09-18,UZD,18.11
2026-09-18,GAM,64.88
2026-09-18,BCAT,14.36
2026-09-18,MQY,10.43
2026-09-18,AVLN,34.92
2026-09-18,IIPR,56.145
2026-09-18,ECAT,14.285
2026-09-18,RQI,11.4881
2026-09-18,AGL,91.755
2026-09-18,OXSQG,24.15
2026-09-18,ATEX,78.47
2026-09-18,INVA,21.21
2026-09-18,ARDT,10.85
2026-09-18,GIC,40.02
2026-09-18,PFBC,106.03
2026-09-18,AMBQ,62.92
2026-09-18,SAFT,103.57
2026-09-18,MYI,10.1976
2026-09-18,MUC,10.19
2026-09-18,TFIN,63.36
2026-09-18,ECCC,24.95
2026-09-18,BCAX,22.765
2026-09-18,NUTX,219.725
2026-09-18,VISN,6.515
2026-09-18,CSWC,24.16
2026-09-18,ESQ,123.7
2026-09-18,JJSF,79.945
2026-09-18,INNV,10.94
2026-09-18,AFGC,18.0
2026-09-18,LKFN,59.94
2026-09-18,DCH,6.26
2026-09-18,HCSG,21.645
2026-09-18,OMCL,32.56
2026-09-18,TRAX,41.46
2026-09-18,AZTA,33.72
2026-09-18,CRSR,13.63
2026-09-18,KMTS,24.71
2026-09-18,DMLP,29.895
2026-09-18,SBH,15.62
2026-09-18,BKT,9.825
2026-09-18,RVLV,20.5575
2026-09-18,ADNT,18.93
2026-09-18,SLVM,36.65
2026-09-18,ARLO,13.54
2026-09-18,ENR,21.27
2026-09-18,NRP,109.73
2026-09-18,GT,5.05
2026-09-18,TWFG,26.885
2026-09-18,EOSE,3.98
2026-09-18,ECCV,23.89
2026-09-18,KMPB,24.57
2026-09-18,MUA,9.73
2026-09-18,WBTN,10.665
2026-09-18,XERS,7.935
2026-09-18,MLKN,21.02
2026-09-18,PRG,36.13
2026-09-18,NCV,15.9
2026-09-18,PAHC,35.29
2026-09-18,BHRB,70.97
2026-09-18,PNTG,41.015
2026-09-18,SVV,9.265
2026-09-18,PEBO,39.645
2026-09-18,ATLC,93.61
2026-09-18,TMP,98.5825
2026-09-18,HLMN,7.28
2026-09-18,BULLW,2.6199
2026-09-18,REX,42.62
2026-09-18,TPB,70.43
2026-09-18,SCL,62.03
2026-09-18,AMSC,29.1
2026-09-18,UZF,16.36
2026-09-18,AMPX,9.615
2026-09-18,TRS,39.11
2026-09-18,UFCS,54.555
2026-09-18,UZE,16.2988
2026-09-18,FCEL,17.49
2026-09-18,AMAL,46.69
2026-09-18,UAN,131.9945
2026-09-18,AVBP,28.27
2026-09-18,CNMD,46.49
2026-09-18,GOLD,47.7
2026-09-18,CTBI,76.44
2026-09-18,FLNC,7.5201
2026-09-18,WABC,59.955
2026-09-18,NMAX,10.7
2026-09-18,LBRX,42.835
2026-09-18,COUR,5.215
2026-09-18,CGEM,21.425
2026-09-18,APPS,11.335
2026-09-18,CNOBP,25.24
2026-09-18,ULCC,5.935
2026-09-18,EVCM,7.73
2026-09-18,ORIC,13.12
2026-09-18,YSWY,21.47
2026-09-18,WEN,7.115
2026-09-18,MAZE,24.41
2026-09-18,LQDT,43.15
2026-09-18,WD,39.32
2026-09-18,AFGE,16.27
2026-09-18,DJTWW,4.85
2026-09-18,BBAI,2.81
2026-09-18,VSECU,47.96
2026-09-18,AAT,21.91
2026-09-18,FOR,26.32
2026-09-18,PRSU,49.205
2026-09-18,FMBH,50.38
2026-09-18,AMN,34.48
2026-09-18,FMC,10.655
2026-09-18,UMH,15.59
2026-09-18,VOR,22.5
2026-09-18,MBC,6.515
2026-09-18,RES,5.975
2026-09-18,RARE,13.4201
2026-09-18,ROCK,44.57
2026-09-18,EOSEW,3.63
2026-09-18,BRUN,16.5867
2026-09-18,AKTS,23.63
2026-09-18,EYE,16.58
2026-09-18,EFOR,31.95
2026-09-18,HBT,35.995
2026-09-18,FUN,12.765
2026-09-18,OMER,18.01
2026-09-18,NSSC,36.42
2026-09-18,FLO,6.125
2026-09-18,GBX,41.915
2026-09-18,CXM,5.57
2026-09-18,RYZ,24.78
2026-09-18,CERT,8.41
2026-09-18,BJRI,60.165
2026-09-18,WOLF,24.115
2026-09-18,SENEB,188.22
2026-09-18,ODC,87.85
2026-09-18,OSBC,24.95
2026-09-18,RDVT,79.05
2026-09-18,MGTX,13.195
2026-09-18,HROW,33.715
2026-09-18,ALX,247.35
2026-09-18,PUMP,10.265
2026-09-18,XPEL,45.41
2026-09-18,AMRC,23.58
2026-09-18,REPL,13.25
2026-09-18,EPC,27.08
2026-09-18,SHLS,7.4
2026-09-18,USPH,83.4451
2026-09-18,SENEA,183.845
2026-09-18,OMDA,20.22
2026-09-18,PWP,12.665
2026-09-18,HLIT,11.27
2026-09-18,VTOL,41.4
2026-09-18,ANRO,31.27
2026-09-18,UVE,44.02
2026-09-18,OPY,114.0951
2026-09-18,WLDN,80.06
2026-09-18,ORC,6.1
2026-09-18,GNK,27.93
2026-09-18,CCO,2.39
2026-09-18,LADR,9.58
2026-09-18,IART,15.605
2026-09-18,WAFDP,16.4001
2026-09-18,LZB,30.28
2026-09-18,OPK,1.625
2026-09-18,ODTX,25.235
2026-09-18,CLBK,11.615
2026-09-18,LNN,118.22
2026-09-18,SPTX,22.44
2026-09-18,GIII,28.01
2026-09-18,AORT,24.58
2026-09-18,APMD,28.71
2026-09-18,MYE,31.595
2026-09-18,PSEC,2.26
2026-09-18,TNDM,17.035
2026-09-18,DFIN,48.2
2026-09-18,THRM,38.55
2026-09-18,GTM,4.065
2026-09-18,CRCT,5.65
2026-09-18,CNL,12.735
2026-09-18,GDRX,3.46
2026-09-18,REAL,9.7
2026-09-18,MNKD,3.67
2026-09-18,UVSP,42.785
2026-09-18,UMAC,23.615
2026-09-18,JCAP,20.525
2026-09-18,TDOC,6.485
2026-09-18,SCCG,24.885
2026-09-18,NHP,16.15
2026-09-18,MMI,31.0325
2026-09-18,MBINM,25.548
2026-09-18,WLFC,55.47
2026-09-18,PDM,9.36
2026-09-18,UTI,21.245
2026-09-18,ECVT,10.665
2026-09-18,SCCE,24.65
2026-09-18,SCCF,24.61
2026-09-18,SCCD,24.5201
2026-09-18,TNC,67.9775
2026-09-18,HZO,52.39
2026-09-18,SCSC,57.33
2026-09-18,PD,14.67
2026-09-18,LGIH,49.6204
2026-09-18,PCT,5.715
2026-09-18,AMTB,29.26
2026-09-18,FUBO,10.485
2026-09-18,GO,11.55
2026-09-18,HFWA,27.94
2026-09-18,NCZ,14.958
2026-09-18,SPH,17.03
2026-09-18,TRUP,25.855
2026-09-18,CDRE,26.435
2026-09-18,GSBD,10.045
2026-09-18,LMRI,11.745
2026-09-18,MBINL,24.49
2026-09-18,MRTN,13.74
2026-09-18,YELP,20.61
2026-09-18,CFFN,8.875
2026-09-18,RCAT,7.285
2026-09-18,CSTL,36.4
2026-09-18,SVRA,5.41
2026-09-18,BOW,33.735
2026-09-18,UVV,44.6267
2026-09-18,OCSL,12.6054
2026-09-18,FSBC,45.245
2026-09-18,GLUE,12.985
2026-09-18,DEA,23.38
2026-09-18,PRCT,19.31
2026-09-18,LFMDP,22.925
2026-09-18,JBIO,17.365
2026-09-18,DLX,24.0564
2026-09-18,MCB,88.81
2026-09-18,DFH,12.15
2026-09-18,STAA,21.895
2026-09-18,NPKI,12.93
2026-09-18,NBN,134.695
2026-09-18,OBX,17.725
2026-09-18,BVS,13.0
2026-09-18,AEVA,15.64
2026-09-18,NPK,152.61
2026-09-18,AIP,22.14
2026-09-18,GOODN,22.475
2026-09-18,CRI,29.575
2026-09-18,ATTO,23.69
2026-09-18,DEC,14.05
2026-09-18,WINA,299.59
2026-09-18,BW,7.22
2026-09-18,ASA,58.805
2026-09-18,AVO,12.21
2026-09-18,FTK,29.46
2026-09-18,BCX,12.535
2026-09-18,UPWK,8.515
2026-09-18,BST,47.9733
2026-09-18,CRVS,12.635
2026-09-18,SBR,72.86
2026-09-18,GPRE,15.15
2026-09-18,IRMD,83.025
2026-09-18,MSEX,56.19
2026-09-18,KURA,11.9
2026-09-18,HTFC,24.86
2026-09-18,PSIX,45.7
2026-09-18,XIFR,11.18
2026-09-18,ETW,9.615
2026-09-18,BRBR,9.06
2026-09-18,MLTX,12.36
2026-09-18,AEF,9.7899
2026-09-18,FSCO,5.29
2026-09-18,TRIP,8.935
2026-09-18,UPBD,17.93
2026-09-18,LZ,6.1
2026-09-18,MBWM,60.43
2026-09-18,BTZ,9.655
2026-09-18,DCBG,26.66
2026-09-18,DSL,10.2101
2026-09-18,ARHS,7.335
2026-09-18,HRTG,34.93
2026-09-18,JANX,16.96
2026-09-18,ENOV,17.95
2026-09-18,HQH,21.81
2026-09-18,CRAI,164.035
2026-09-18,QNST,18.035
2026-09-18,ALMS,7.94
2026-09-18,AMPH,24.14
2026-09-18,RUMBW,2.06
2026-09-18,EQBK,49.3341
2026-09-18,SBGI,13.9656
2026-09-18,BV,10.9
2026-09-18,BFST,30.98
2026-09-18,BXBL,4.175
2026-09-18,QMCO,25.575
2026-09-18,MCBS,34.995
2026-09-18,HBNC,19.6
2026-09-18,CCNE,33.96
2026-09-18,CMP,23.96
2026-09-18,SABR,2.475
2026-09-18,PTA,18.07
2026-09-18,GHM,84.95
2026-09-18,NWPX,103.43
2026-09-18,NBBK,22.69
2026-09-18,PCRX,24.92
2026-09-18,GOODO,20.47
2026-09-18,KRT,49.6999
2026-09-18,RMIX,13.48
2026-09-18,GLIBK,24.73
2026-09-18,GLIBA,24.725
2026-09-18,HPK,7.79
2026-09-18,RXT,3.86
2026-09-18,IBTA,42.435
2026-09-18,CBRL,43.95
2026-09-18,VYX,7.06
2026-09-18,SGP,29.1
2026-09-18,SANA,3.25
2026-09-18,CAC,57.53
2026-09-18,BBNX,21.49
2026-09-18,CPF,37.5
2026-09-18,CSR,57.39
2026-09-18,OI,6.27
2026-09-18,RNP,19.58
2026-09-18,NX,20.95
2026-09-18,NXDR,2.4801
2026-09-18,UTL,52.6
2026-09-18,SAFE,13.53
2026-09-18,TDAY,6.52
2026-09-18,FEIM,84.9
2026-09-18,FRBT,18.85
2026-09-18,TRST,56.155
2026-09-18,REPX,43.13
2026-09-18,SLDB,8.875
2026-09-18,HAFC,32.075
2026-09-18,KRO,8.26
2026-09-18,CBLL,24.745
2026-09-18,RHLD,121.0
2026-09-18,SBSI,31.64
2026-09-18,BKSY,23.0105
2026-09-18,ANGX,5.035
2026-09-18,KODK,9.595
2026-09-18,BBDC,8.9601
2026-09-18,FET,81.7201
2026-09-18,HTLD,12.115
2026-09-18,ACEL,11.53
2026-09-18,ASTE,40.58
2026-09-18,FMNB,15.715
2026-09-18,MPB,36.715
2026-09-18,TTI,6.28
2026-09-18,BANFP,27.675
2026-09-18,CIM,11.075
2026-09-18,NAVI,9.855
2026-09-18,EVLV,5.101
2026-09-18,GAINZ,24.13
2026-09-18,DJCO,668.58
2026-09-18,AIZN,18.23
2026-09-18,PLOW,39.81
2026-09-18,FTH,35.53
2026-09-18,LXRX,2.06
2026-09-18,THFF,76.93
2026-09-18,KFRC,50.97
2026-09-18,RWAYL,25.12
2026-09-18,SIGIP,15.27
2026-09-18,FMN,10.52
2026-09-18,MBINN,19.74
2026-09-18,ABX,9.26
2026-09-18,AVTX,16.88
2026-09-18,SMPL,10.16
2026-09-18,IMMX,12.55
2026-09-18,OLMA,10.26
2026-09-18,HSTM,29.275
2026-09-18,EIG,49.73
2026-09-18,BHFAL,15.5
2026-09-18,BZH,33.38
2026-09-18,KOP,47.045
2026-09-18,KBDC,13.45
2026-09-18,SMBK,51.88
2026-09-18,FCBC,46.79
2026-09-18,KOPN,4.755
2026-09-18,NNE,16.42
2026-09-18,CVLG,34.64
2026-09-18,ACDC,4.81
2026-09-18,LANDO,20.305
2026-09-18,CADL,11.36
2026-09-18,LANDP,20.148
2026-09-18,VRTS,130.91
2026-09-18,GSBC,79.33
2026-09-18,TCBIO,19.88
2026-09-18,RPC,7.84
2026-09-18,EGBN,28.34
2026-09-18,MFA,8.545
2026-09-18,ARDX,3.465
2026-09-18,WRLD,184.5
2026-09-18,RPD,12.76
2026-09-18,FBYD,7.075
2026-09-18,MNTN,11.45
2026-09-18,RIGL,45.81
2026-09-18,SVC,6.605
2026-09-18,CCBG,49.96
2026-09-18,HMH,19.44
2026-09-18,DGICB,22.98
2026-09-18,CYRX,16.83
2026-09-18,CAPL,22.3
2026-09-18,MCS,27.54
2026-09-18,JBGS,11.37
2026-09-18,GERN,1.32
2026-09-18,HIPO,32.08
2026-09-18,DAKT,17.585
2026-09-18,CODI,11.2
2026-09-18,RJET,17.965
2026-09-18,SOC,4.375
2026-09-18,SMP,37.5
2026-09-18,ABR,4.485
2026-09-18,VPG,62.74
2026-09-18,BLZE,13.5
2026-09-18,ARI,6.51
2026-09-18,INR,13.15
2026-09-18,SG,7.0
2026-09-18,EVER,23.63
2026-09-18,APEI,45.285
2026-09-18,SIBN,18.48
2026-09-18,SKYH,10.14
2026-09-18,ORRF,42.075
2026-09-18,ACRS,5.61
2026-09-18,AVR,8.47
2026-09-18,LXU,11.445
2026-09-18,CEVA,29.25
2026-09-18,ACHV,8.0
2026-09-18,SPFI,43.69
2026-09-18,ADAM,9.125
2026-09-18,CLYM,14.27
2026-09-18,SXC,9.64
2026-09-18,FDMT,14.79
2026-09-18,LINC,25.75
2026-09-18,BH,350.86
2026-09-18,FOXF,19.41
2026-09-18,TXO,14.69
2026-09-18,ALRS,32.6575
2026-09-18,MTUS,19.63
2026-09-18,BBSI,33.535
2026-09-18,ROOT,52.29
2026-09-18,IBCP,36.47
2026-09-18,BHFAO,14.0499
2026-09-18,QVCG,16.11
2026-09-18,JBSS,68.815
2026-09-18,TRNS,85.59
2026-09-18,LWLG,5.195
2026-09-18,CGBD,11.64
2026-09-18,PGC,45.17
2026-09-18,GYRE,7.18
2026-09-18,BTGO,6.795
2026-09-18,FISI,40.52
2026-09-18,SMBC,72.49
2026-09-18,PUBM,17.525
2026-09-18,MITK,17.675
2026-09-18,DC,5.9309
2026-09-18,BLSM,26.245
2026-09-18,APOG,37.995
2026-09-18,KPLT,9.34
2026-09-18,FINV,3.35
2026-09-18,AHCO,5.77
2026-09-18,KDK,3.915
2026-09-18,BHFAP,13.65
2026-09-18,PMT,8.99
2026-09-18,HTB,46.745
2026-09-18,DSGN,12.445
2026-09-18,VREX,18.495
2026-09-18,CTO,20.755
2026-09-18,MTW,21.57
2026-09-18,SHBI,23.23
2026-09-18,GRPN,19.055
2026-09-18,NRGV,4.2584
2026-09-18,KELYB,22.29
2026-09-18,HYLN,4.325
2026-09-18,ANNX,4.06
2026-09-18,RILYN,25.215
2026-09-18,WGO,27.15
2026-09-18,WEST,7.84
2026-09-18,MFIC,9.26
2026-09-18,WLKP,21.5099
2026-09-18,RILYG,24.8
2026-09-18,GDOT,13.24
2026-09-18,QDEL,10.99
2026-09-18,RCBC,53.06
2026-09-18,LYTS,20.205
2026-09-18,BFS,30.35
2026-09-18,MPLT,11.58
2026-09-18,WASH,39.28
2026-09-18,FPH,5.065
2026-09-18,SWIM,6.365
2026-09-18,EVC,8.11
2026-09-18,MITN,25.37
2026-09-18,TASK,8.16
2026-09-18,PRAA,19.85
2026-09-18,MITP,25.325
2026-09-18,HNRG,15.835
2026-09-18,VTS,17.705
2026-09-18,MOV,33.215
2026-09-18,FDUS,19.51
2026-09-18,TCBX,44.4
2026-09-18,LUCK,5.42
2026-09-18,BCSF,11.39
2026-09-18,PSTL,24.41
2026-09-18,INDI,3.185
2026-09-18,NABL,3.905
2026-09-18,BWMN,42.53
2026-09-18,EVEX,2.095
2026-09-18,COLL,22.425
2026-09-18,CCNEP,24.64
2026-09-18,IRWD,4.385
2026-09-18,NEWTP,25.0002
2026-09-18,PFLT,7.255
2026-09-18,NVCT,22.055
2026-09-18,ESRT,4.145
2026-09-18,PFIS,71.25
2026-09-18,GEGGL,24.58
2026-09-18,MLAB,127.22
2026-09-18,VSTM,7.84
2026-09-18,ZVRA,11.945
2026-09-18,IVR,6.58
2026-09-18,CWBC,26.02
2026-09-18,AROW,38.11
2026-09-18,HOV,118.325
2026-09-18,CASS,55.055
2026-09-18,DSP,10.5772
2026-09-18,DGICA,18.93
2026-09-18,STLN,6.87
2026-09-18,AURA,6.75
2026-09-18,LPTH,9.965
2026-09-18,CCB,45.54
2026-09-18,WOOF,2.43
2026-09-18,BCAL,21.645
2026-09-18,BLMN,8.125
2026-09-18,MSBI,33.485
2026-09-18,UAMY,4.64
2026-09-18,NIE,25.02
2026-09-18,MDXG,4.744
2026-09-18,WYFI,17.79
2026-09-18,PAYS,12.23
2026-09-18,TRON,1.451
2026-09-18,MNPR,102.48
2026-09-18,TROX,4.305
2026-09-18,IPX,20.24
2026-09-18,SSYS,7.92
2026-09-18,XFLT,19.24
2026-09-18,HTZ,1.91
2026-09-18,SGMT,10.98
2026-09-18,NMFC,7.145
2026-09-18,PKE,31.0199
2026-09-18,CARE,30.44
2026-09-18,BHB,40.24
2026-09-18,CUBB,21.32
2026-09-18,RRBI,102.36
2026-09-18,SPT,11.105
2026-09-18,PKOH,46.365
2026-09-18,CCSI,36.635
2026-09-18,SLRC,12.305
2026-09-18,MATV,12.16
2026-09-18,TBLD,20.8801
2026-09-18,MAX,10.9
2026-09-18,CNNE,15.36
2026-09-18,CBIO,17.92
2026-09-18,NEWTG,25.22
2026-09-18,LEGH,27.91
2026-09-18,PAR,16.04
2026-09-18,PZZA,20.15
2026-09-18,NGVC,28.78
2026-09-18,NEWTI,25.19
2026-09-18,SCHL,34.79
2026-09-18,NSLRL,24.92
2026-09-18,HIFS,307.14
2026-09-18,CTKB,5.07
2026-09-18,ACNB,64.605
2026-09-18,GDYN,8.095
2026-09-18,VEL,16.61
2026-09-18,OSPN,17.795
2026-09-18,ENVX,2.985
2026-09-18,SMC,32.25
2026-09-18,VLGEA,44.18
2026-09-18,ARRY,4.225
2026-09-18,TIPT,17.47
2026-09-18,GRNT,4.9302
2026-09-18,ALT,3.34
2026-09-18,BHFAN,11.29
2026-09-18,MAMA,13.76
2026-09-18,EGY,6.155
2026-09-18,AGNT,3.87
2026-09-18,ELMT,21.21
2026-09-18,GAIN,16.2
2026-09-18,ANGO,15.585
2026-09-18,DLY,13.41
2026-09-18,RILYT,21.0201
2026-09-18,FWRG,10.38
2026-09-18,NXP,13.61
2026-09-18,CTGO,19.0201
2026-09-18,ABTC,8.71
2026-09-18,PHAT,7.8342
2026-09-18,OABI,4.35
2026-09-18,METC,9.925
2026-09-18,FBRT,7.61
2026-09-18,PHR,10.18
2026-09-18,BSTZ,28.51
2026-09-18,MLR,55.51
2026-09-18,RGR,39.335
2026-09-18,MG,19.725
2026-09-18,NTGR,23.08
2026-09-18,KRNY,9.66
2026-09-18,EFSCP,17.33
2026-09-18,WCCB,59.5
2026-09-18,MATW,20.07
2026-09-18,VMO,9.285
2026-09-18,MGRE,21.999
2026-09-18,OOMA,22.635
2026-09-18,RMT,13.495
2026-09-18,YEXT,6.295
2026-09-18,CTMX,2.855
2026-09-18,NUAI,5.83
2026-09-18,SCTX,32.81
2026-09-18,HPP,11.44
2026-09-18,INN,5.755
2026-09-18,GOOD,12.785
2026-09-18,FOF,12.5866
2026-09-18,RILYZ,20.22
2026-09-18,CARS,11.5
2026-09-18,NCDL,12.42
2026-09-18,RSVR,9.29
2026-09-18,ONT,17.44
2026-09-18,AQST,4.8791
2026-09-18,OPFI,7.18
2026-09-18,HY,34.065
2026-09-18,PRME,3.365
2026-09-18,RMR,18.99
2026-09-18,LMB,51.0
2026-09-18,GCBC,35.65
2026-09-18,CLDT,13.0328
2026-09-18,CRMD,7.78
2026-09-18,SHEN,11.345
2026-09-18,STTK,6.03
2026-09-18,JBI,4.435
2026-09-18,FBIOP,18.1264
2026-09-18,ALLO,1.745
2026-09-18,KE,25.055
2026-09-18,SWBI,13.36
2026-09-18,BXC,76.065
2026-09-18,FBIZ,71.4
2026-09-18,FLGT,21.66
2026-09-18,CWH,5.755
2026-09-18,KIDS,22.74
2026-09-18,NRDS,9.275
2026-09-18,UNTY,59.01
2026-09-18,CBNK,36.36
2026-09-18,BME,44.29
2026-09-18,ADTN,7.24
2026-09-18,FAC,5.51
2026-09-18,ALOY,8.49
2026-09-18,IIIN,30.355
2026-09-18,WEAV,7.33
2026-09-18,WHFCL,25.0999
2026-09-18,SFST,61.555
2026-09-18,BWB,20.9
2026-09-18,NPB,16.74
2026-09-18,WTI,3.835
2026-09-18,SLDP,2.5111
2026-09-18,DDD,3.445
2026-09-18,HNST,5.33
2026-09-18,GEMI,4.39
2026-09-18,NRIM,25.575
2026-09-18,CIVB,27.28
2026-09-18,RYAM,8.379
2026-09-18,TITN,24.08
2026-09-18,XMAX,8.775
2026-09-18,UHT,40.66
2026-09-18,IIM,12.005
2026-09-18,DCTH,16.26
2026-09-18,CTEV,33.245
2026-09-18,TRTX,7.335
2026-09-18,BHFAM,9.79
2026-09-18,KELYA,16.2
2026-09-18,MGR,19.775
2026-09-18,CAPR,9.635
2026-09-18,ITIC,296.59
2026-09-18,RGNX,8.45
2026-09-18,PROK,1.831
2026-09-18,ARVN,8.42
2026-09-18,PANL,8.385
2026-09-18,TECX,27.91
2026-09-18,BWBBP,19.5501
2026-09-18,ETD,21.63
2026-09-18,NXRT,21.29
2026-09-18,BRSP,4.265
2026-09-18,EBF,21.29
2026-09-18,HBCP,68.39
2026-09-18,OVID,2.755
2026-09-18,SDHC,10.57
2026-09-18,DNUT,3.095
2026-09-18,RFI,10.91
2026-09-18,BTBT,1.485
2026-09-18,BALY,10.605
2026-09-18,YORW,32.89
2026-09-18,TLRY,3.915
2026-09-18,FWRD,15.78
2026-09-18,NB,3.655
2026-09-18,BWFG,66.625
2026-09-18,SD,14.31
2026-09-18,EOLS,8.03
2026-09-18,TMS,7.2001
2026-09-18,CLMB,28.37
2026-09-18,VRRM,3.475
2026-09-18,IPI,39.1
2026-09-18,BSRR,40.475
2026-09-18,CERS,2.6
2026-09-18,VGM,9.65
2026-09-18,BSVN,54.92
2026-09-18,MSBIP,25.2
2026-09-18,VOGX,35.0
2026-09-18,PBAM,90.65
2026-09-18,ILPT,7.77
2026-09-18,CTNM,13.78
2026-09-18,ASMB,25.45
2026-09-18,IQI,9.78
2026-09-18,AII,26.22
2026-09-18,BDN,2.94
2026-09-18,OBT,38.13
2026-09-18,RILYL,12.7
2026-09-18,VKQ,9.22
2026-09-18,ULH,19.32
2026-09-18,ASPI,3.31
2026-09-18,OIS,8.395
2026-09-18,HQL,19.685
2026-09-18,QUAD,9.82
2026-09-18,TYG,42.365
2026-09-18,DNA,7.8528
2026-09-18,TCMD,22.3
2026-09-18,WTBA,29.63
2026-09-18,ETO,30.7882
2026-09-18,ALTI,3.23
2026-09-18,GFUZ,7.915
2026-09-18,OLP,23.02
2026-09-18,CSV,31.63
2026-09-18,EIKN,9.24
2026-09-18,COFS,33.33
2026-09-18,BBCP,9.86
2026-09-18,RWT,3.945
2026-09-18,CTRN,59.41
2026-09-18,WNC,12.135
2026-09-18,MEI,13.865
2026-09-18,PBYI,9.55
2026-09-18,PDLB,20.32
2026-09-18,FMAO,35.66
2026-09-18,AMCX,11.875
2026-09-18,SPIR,12.05
2026-09-18,NVEC,101.1
2026-09-18,PRTH,5.92
2026-09-18,NPCE,14.19
2026-09-18,ARKO,4.34
2026-09-18,MCFT,19.99
2026-09-18,RILYP,12.1
2026-09-18,GTN,4.715
2026-09-18,SBC,4.712
2026-09-18,SENS,9.135
2026-09-18,NRC,21.82
2026-09-18,VHI,16.946
2026-09-18,FTHY,13.015
2026-09-18,FPI,10.905
2026-09-18,SRTA,5.375
2026-09-18,XRN,35.81
2026-09-18,CMCO,16.345
2026-09-18,IMSR,4.445
2026-09-18,AHRT,6.3
2026-09-18,SPCE,3.09
2026-09-18,VITL,10.9101
2026-09-18,NGS,36.3
2026-09-18,HUYA,2.05
2026-09-18,JOUT,44.5901
2026-09-18,OPTU,1.025
2026-09-18,MBUU,23.7
2026-09-18,VCV,9.735
2026-09-18,CZNC,25.885
2026-09-18,TWI,7.18
2026-09-18,FWDI,6.27
2026-09-18,RLMD,4.335
2026-09-18,MEC,18.12
2026-09-18,SOUNW,0.9601
2026-09-18,XRX,3.5077
2026-09-18,IRD,5.5199
2026-09-18,CIX,37.195
2026-09-18,MGRB,16.15
2026-09-18,BMRC,28.265
2026-09-18,ATNI,29.675
2026-09-18,INDP,3.43
2026-09-18,AMSF,24.605
2026-09-18,CBK,33.175
2026-09-18,EVGO,1.445
2026-09-18,PBFS,18.29
2026-09-18,RBB,26.835
2026-09-18,IDR,28.65
2026-09-18,ETB,15.39
2026-09-18,FRBA,17.85
2026-09-18,CBAN,21.065
2026-09-18,CCOI,8.72
2026-09-18,EDIT,2.905
2026-09-18,GLAD,19.7
2026-09-18,ACTG,4.56
2026-09-18,GUT,6.05
2026-09-18,ASIX,16.445
2026-09-18,AVBC,22.23
2026-09-18,SGHT,8.045
2026-09-18,MASS,10.68
2026-09-18,OXM,29.33
2026-09-18,LOCO,14.42
2026-09-18,KYTX,7.095
2026-09-18,PLBC,62.69
2026-09-18,BLW,12.19
2026-09-18,CABA,2.565
2026-09-18,STRZ,25.38
2026-09-18,ACIC,9.18
2026-09-18,FVR,17.74
2026-09-18,PACB,1.395
2026-09-18,ASPN,5.215
2026-09-18,TRC,16.0
2026-09-18,PRTA,8.42
2026-09-18,FISN,7.33
2026-09-18,KRUS,35.4018
2026-09-18,HVT,27.52
2026-09-18,CCCC,3.485
2026-09-18,RLGT,9.14
2026-09-18,GBLI,29.25
2026-09-18,WEYS,44.78
2026-09-18,USCB,23.14
2026-09-18,GNE,16.235
2026-09-18,AVIR,5.3
2026-09-18,EVH,3.745
2026-09-18,LRMR,4.075
2026-09-18,MAGN,11.82
2026-09-18,CLFD,31.08
2026-09-18,SGU,12.8604
2026-09-18,SPRY,4.24
2026-09-18,GLOO,4.59
2026-09-18,CARL,15.35
2026-09-18,ARTV,8.547
2026-09-18,BOC,13.86
2026-09-18,ISTR,30.3
2026-09-18,CAL,12.09
2026-09-18,HBB,31.01
2026-09-18,CPS,23.43
2026-09-18,ADV,32.415
2026-09-18,CHCT,14.49
2026-09-18,CLPT,13.58
2026-09-18,MGRD,14.54
2026-09-18,RMNI,4.425
2026-09-18,CYH,2.925
2026-09-18,RCKT,3.7497
2026-09-18,TTRX,13.8
2026-09-18,LAND,9.51
2026-09-18,FRPH,21.35
2026-09-18,DDT,26.1799
2026-09-18,EVN,10.28
2026-09-18,NATH,99.509
2026-09-18,AIOT,3.035
2026-09-18,NPWR,1.805
2026-09-18,KREF,6.925
2026-09-18,MVBF,30.99
2026-09-18,PKBK,34.125
2026-09-18,HCMA,10.32
2026-09-18,CHMG,83.0
2026-09-18,BBOT,4.99
2026-09-18,SWMR,25.08
2026-09-18,BNTC,11.42
2026-09-18,FNLC,35.25
2026-09-18,ACCO,4.295
2026-09-18,GREEL,25.22
2026-09-18,BMBL,2.995
2026-09-18,SAZ,25.18
2026-09-18,SAY,25.15
2026-09-18,WHLRL,80.0
2026-09-18,CZFS,81.66
2026-09-18,SAT,25.0601
2026-09-18,FRST,15.81
2026-09-18,SAJ,25.01
2026-09-18,FSTR,37.22
2026-09-18,ORBS,0.9102
2026-09-18,SWRD,1.85
2026-09-18,PESI,18.34
2026-09-18,RNGR,16.605
2026-09-18,ATLCZ,25.64
2026-09-18,RDIB,16.94
2026-09-18,SFIX,2.905
2026-09-18,RZLT,4.015
2026-09-18,IMXI,12.78
2026-09-18,GEVO,1.56
2026-09-18,MNRO,12.335
2026-09-18,MCI,19.0099
2026-09-18,PCB,27.354
2026-09-18,MYGN,4.01
2026-09-18,TKNO,7.14
2026-09-18,FENC,10.92
2026-09-18,GALT,3.79
2026-09-18,REI,1.465
2026-09-18,SOR,45.74
2026-09-18,ATLCL,25.195
2026-09-18,TACO,10.455
2026-09-18,SERV,4.38
2026-09-18,RR,1.685
2026-09-18,NWFL,34.77
2026-09-18,VKI,8.515
2026-09-18,IIIV,14.31
2026-09-18,CLNE,1.705
2026-09-18,CRNC,8.2593
2026-09-18,WSBF,20.755
2026-09-18,SLP,18.435
2026-09-18,NECB,27.035
2026-09-18,BNED,10.72
2026-09-18,PRLD,4.655
2026-09-18,DMAC,6.88
2026-09-18,TREE,26.38
2026-09-18,LWAY,24.51
2026-09-18,ENTA,12.695
2026-09-18,SI,17.76
2026-09-18,MRAM,15.18
2026-09-18,CCAP,10.01
2026-09-18,ORN,9.06
2026-09-18,MOBI,11.005
2026-09-18,ATLCP,24.15
2026-09-18,PPHC,12.245
2026-09-18,LEO,5.86
2026-09-18,OPRT,7.92
2026-09-18,BIOA,7.92
2026-09-18,GCO,33.55
2026-09-18,VALU,38.63
2026-09-18,SUJA,9.375
2026-09-18,ARTNA,35.0
2026-09-18,JILL,24.175
2026-09-18,TCI,40.95
2026-09-18,ERII,7.035
2026-09-18,TSBK,46.15
2026-09-18,TWIN,24.66
2026-09-18,EBS,6.99
2026-09-18,OPI,16.325
2026-09-18,OBIO,5.94
2026-09-18,CION,7.235
2026-09-18,VELO,11.05
2026-09-18,OCGN,1.045
2026-09-18,BRBS,3.95
2026-09-18,DIN,27.93
2026-09-18,LXEO,4.3
2026-09-18,FSBW,44.81
2026-09-18,RPAY,3.895
2026-09-18,FIP,2.96
2026-09-18,SHOE,12.85
2026-09-18,XFOR,3.51
2026-09-18,CMPX,1.93
2026-09-18,BRCB,6.93
2026-09-18,NL,7.09
2026-09-18,AVBH,31.46
2026-09-18,CUB,10.87
2026-09-18,NEWT,11.94
2026-09-18,GOGO,2.545
2026-09-18,EVMN,9.5
2026-09-18,CLW,21.335
2026-09-18,IPSC,1.895
2026-09-18,MOVE,10.87
2026-09-18,SION,7.54
2026-09-18,VMD,8.94
2026-09-18,IHRT,2.545
2026-09-18,FLXS,82.8
2026-09-18,VGZ,2.31
2026-09-18,TCPC,4.005
2026-09-18,FOSL,5.68
2026-09-18,OPAL,1.92
2026-09-18,EYPT,3.88
2026-09-18,BKKT,7.415
2026-09-18,METCB,5.24
2026-09-18,KTF,8.44
2026-09-18,PMO,9.79
2026-09-18,IA,18.57
2026-09-18,MPTI,76.465
2026-09-18,AIV,2.285
2026-09-18,HTZWW,0.9305
2026-09-18,QTTB,11.13
2026-09-18,PPT,3.32
2026-09-18,ELA,12.725
2026-09-18,PACK,3.85
2026-09-18,BCML,30.23
2026-09-18,RCEL,10.65
2026-09-18,PNRG,207.325
2026-09-18,RCKY,43.78
2026-09-18,TDUP,2.495
2026-09-18,FVCB,18.11
2026-09-18,JMSB,23.1
2026-09-18,ALIT,12.1
2026-09-18,COSO,27.255
2026-09-18,IKT,2.325
2026-09-18,AGEN,7.17
2026-09-18,SMTI,35.14
2026-09-18,CHSCP,26.29
2026-09-18,CATX,2.82
2026-09-18,NXH,3.365
2026-09-18,BBW,26.015
2026-09-18,HLLY,2.64
2026-09-18,ZIP,3.89
2026-09-18,MLP,16.09
2026-09-18,SEG,24.92
2026-09-18,FDBC,54.74
2026-09-18,ABAT,2.2212
2026-09-18,AIRJ,4.205
2026-09-18,ALTO,4.075
2026-09-18,MNTK,2.22
2026-09-18,SABS,3.47
2026-09-18,PINE,17.89
2026-09-18,HRZN,4.7
2026-09-18,CHSCO,25.67
2026-09-18,FCCO,33.46
2026-09-18,OFSSH,23.46
2026-09-18,ABEO,5.475
2026-09-18,BLND,1.32
2026-09-18,DBI,6.105
2026-09-18,BRR,3.53
2026-09-18,CYPH,2.8883
2026-09-18,NODK,15.19
2026-09-18,VNDA,5.125
2026-09-18,TLS,4.135
2026-09-18,CHSCL,25.17
2026-09-18,CFFI,94.81
2026-09-18,TLSI,4.99
2026-09-18,MGPI,14.335
2026-09-18,BDSX,29.01
2026-09-18,EFT,10.52
2026-09-18,CV,6.11
2026-09-18,SWKHL,25.09
2026-09-18,CHSCN,24.8
2026-09-18,PALI,1.745
2026-09-18,FATE,2.535
2026-09-18,LE,10.25
2026-09-18,FRD,41.94
2026-09-18,NREF,16.01
2026-09-18,CDZI,3.56
2026-09-18,FNKO,5.335
2026-09-18,FUND,10.0747
2026-09-18,RM,32.285
2026-09-18,MYFW,30.49
2026-09-18,UPB,5.42
2026-09-18,ZNTL,3.135
2026-09-18,CHSCM,24.08
2026-09-18,NUAIW,2.77
2026-09-18,BPRN,43.29
2026-09-18,GBAB,13.1651
2026-09-18,SLNH,1.195
2026-09-18,TMCI,4.53
2026-09-18,LAB,0.7495
2026-09-18,PRHIZ,24.01
2026-09-18,NC,38.85
2026-09-18,FGBIP,17.65
2026-09-18,SSP,3.15
2026-09-18,IMRX,4.485
2026-09-18,OCCIN,24.9486
2026-09-18,EMBC,5.115
2026-09-18,FULC,3.795
2026-09-18,ISBA,37.9161
2026-09-18,MKTW,18.335
2026-09-18,XLAB,3.17
2026-09-18,RBBN,1.615
2026-09-18,AIAI,4.0817
2026-09-18,PTLO,3.795
2026-09-18,ALCO,38.82
2026-09-18,OVLY,34.2
2026-09-18,PYXS,3.44
2026-09-18,SAR,17.84
2026-09-18,ONIT,34.32
2026-09-18,PMM,5.85
2026-09-18,REFI,11.115
2026-09-18,CMRC,3.435
2026-09-18,ATLO,32.11
2026-09-18,FRAF,63.17
2026-09-18,ANIK,21.155
2026-09-18,RCMT,39.74
2026-09-18,PDYN,5.715
2026-09-18,GBFH,19.41
2026-09-18,LTRX,6.03
2026-09-18,PCTTW,1.4
2026-09-18,FUNC,43.52
2026-09-18,JAKK,24.5
2026-09-18,FNRN,17.09
2026-09-18,KINS,19.34
2026-09-18,RWAY,6.68
2026-09-18,MTRX,9.89
2026-09-18,NXDT,5.26
2026-09-18,TTGT,3.86
2026-09-18,FXNC,30.85
2026-09-18,KLC,2.3508
2026-09-18,OPTX,6.905
2026-09-18,PMTS,23.945
2026-09-18,TBI,9.11
2026-09-18,CHAD,8.5
2026-09-18,NNBR,3.3499
2026-09-18,ARDC,12.0309
2026-09-18,LVWR,1.34
2026-09-18,MFIN,11.98
2026-09-18,WNEB,13.7
2026-09-18,STRT,68.89
2026-09-18,OIA,5.76
2026-09-18,LAW,4.2
2026-09-18,XPER,5.58
2026-09-18,LCNB,19.06
2026-09-18,QNBC,44.9
2026-09-18,BKTI,71.77
2026-09-18,PCYO,11.21
2026-09-18,RC,1.635
2026-09-18,NKSH,42.31
2026-09-18,MIN,2.345
2026-09-18,LCTX,1.065
2026-09-18,LYEL,10.975
2026-09-18,USNA,14.55
2026-09-18,FCNCN,23.8
2026-09-18,HCKT,10.79
2026-09-18,OFLX,26.54
2026-09-18,DUOT,8.51
2026-09-18,TRDA,6.875
2026-09-18,ESCA,19.44
2026-09-18,ACV,25.7
2026-09-18,CUE,36.54
2026-09-18,STRO,15.97
2026-09-18,ASLE,5.5408
2026-09-18,RMBI,15.745
2026-09-18,PAMT,12.53
2026-09-18,YARW,28.2
2026-09-18,BRT,13.96
2026-09-18,HWBK,38.0
2026-09-18,EGHT,1.815
2026-09-18,MGNX,4.115
2026-09-18,CNDT,1.685
2026-09-18,AVNW,20.44
2026-09-18,MSB,19.93
2026-09-18,GWRS,8.67
2026-09-18,VPV,10.885
2026-09-18,JACK,13.5148
2026-09-18,MMT,4.34
2026-09-18,CAMP,4.11
2026-09-18,III,5.31
2026-09-18,FBLA,16.1
2026-09-18,SMHI,9.45
2026-09-18,ARL,15.87
2026-09-18,VABK,47.15
2026-09-18,BAFN,9.47
2026-09-18,BGS,3.135
2026-09-18,BRCC,10.18
2026-09-18,AENT,4.99
2026-09-18,USAU,15.34
2026-09-18,FOA,14.65
2026-09-18,GLSI,17.25
2026-09-18,FHTX,4.26
2026-09-18,GENC,17.22
2026-09-18,LTBR,6.72
2026-09-18,INFU,12.63
2026-09-18,CPZ,12.81
2026-09-18,RELL,16.83
2026-09-18,AKBA,0.9009
2026-09-18,EOT,15.94
2026-09-18,EFSI,46.0
2026-09-18,PPIH,30.32
2026-09-18,CHPT,9.2406
2026-09-18,POWW,2.135
2026-09-18,ASYS,14.125
2026-09-18,MVST,0.6398
2026-09-18,RILY,6.12
2026-09-18,ALXO,1.775
2026-09-18,LDI,0.7234
2026-09-18,RNAC,8.085
2026-09-18,TG,6.96
2026-09-18,ACRE,4.375
2026-09-18,OSUR,3.515
2026-09-18,TSSI,8.59
2026-09-18,IMMR,7.285
2026-09-18,ASUR,8.375
2026-09-18,INBK,27.66
2026-09-18,GPRO,1.3092
2026-09-18,USDE,8.872
2026-09-18,PEBK,44.15
2026-09-18,RAIL,7.3
2026-09-18,NAGE,3.025
2026-09-18,SNFCA,8.73
2026-09-18,KGEI,6.6701
2026-09-18,UTMD,74.91
2026-09-18,ACU,62.05
2026-09-18,YDES,3.3535
2026-09-18,AIRO,7.51
2026-09-18,PLAY,6.79
2026-09-18,FF,5.39
2026-09-18,WHWK,4.145
2026-09-18,APC,18.705
2026-09-18,AMWL,13.74
2026-09-18,HQI,16.8
2026-09-18,PNNT,3.575
2026-09-18,LIEN,10.22
2026-09-18,EVI,18.09
2026-09-18,NATR,13.15
2026-09-18,MBI,4.53
2026-09-18,LMNR,12.745
2026-09-18,MRBK,19.365
2026-09-18,SVCO,6.8
2026-09-18,IVVD,0.7815
2026-09-18,PDEX,71.63
2026-09-18,CMTV,40.85
2026-09-18,VUZI,2.7093
2026-09-18,OPBK,15.3
2026-09-18,AVXL,2.4599
2026-09-18,FTF,5.6397
2026-09-18,RDNW,5.83
2026-09-18,SCM,7.965
2026-09-18,TBCH,12.65
2026-09-18,NUS,4.65
2026-09-18,RGCO,21.7
2026-09-18,SND,5.32
2026-09-18,FCNCO,19.95
2026-09-18,CFBK,34.92
2026-09-18,OSS,8.97
2026-09-18,ECC,3.685
2026-09-18,MRLN,2.205
2026-09-18,SIGA,3.095
2026-09-18,EICA,24.95
2026-09-18,SMRT,1.155
2026-09-18,ELMD,26.43
2026-09-18,STIM,2.895
2026-09-18,BMEZ,16.53
2026-09-18,SPOK,10.53
2026-09-18,HDSN,5.23
2026-09-18,INBKZ,25.255
2026-09-18,RICK,28.71
2026-09-18,FORR,11.525
2026-09-18,RXST,5.275
2026-09-18,CURV,2.19
2026-09-18,KROS,11.0
2026-09-18,FCNCP,19.29
2026-09-18,TARA,3.68
2026-09-18,ELDN,2.675
2026-09-18,NCMI,2.31
2026-09-18,NSLR,8.17
2026-09-18,ALMU,11.81
2026-09-18,LOVE,14.97
2026-09-18,BNC,5.22
2026-09-18,KLTR,1.405
2026-09-18,DERM,7.5795
2026-09-18,DHX,4.9046
2026-09-18,ANGI,5.25
2026-09-18,MFM,5.16
2026-09-18,ALEC,1.9
2026-09-18,OVBC,44.99
2026-09-18,OSG,4.69
2026-09-18,AREC,1.975
2026-09-18,SIDU,2.085
2026-09-18,CHCI,20.5
2026-09-18,CMT,23.8
2026-09-18,CMTG,1.485
2026-09-18,EXFY,2.29
2026-09-18,NEOV,3.5469
2026-09-18,SES,0.5622
2026-09-18,NKTX,2.9108
2026-09-18,ESOA,11.16
2026-09-18,ZUMZ,13.4899
2026-09-18,SRI,7.25
2026-09-18,CPSS,9.575
2026-09-18,ANNA,3.0815
2026-09-18,FCAP,61.37
2026-09-18,CZWI,21.25
2026-09-18,EAF,7.845
2026-09-18,MPAA,10.78
2026-09-18,KRRO,13.81
2026-09-18,PEPG,2.93
2026-09-18,MITT,6.38
2026-09-18,CEPL,6.22
2026-09-18,TPVG,4.975
2026-09-18,RBKB,12.92
2026-09-18,GSIT,5.24
2026-09-18,FC,17.795
2026-09-18,TNXP,11.71
2026-09-18,LARK,32.79
2026-09-18,AOUT,15.745
2026-09-18,LODE,2.605
2026-09-18,EXOD,6.55
2026-09-18,STRW,13.952
2026-09-18,BYND,11.46
2026-09-18,ANTX,5.22
2026-09-18,SGC,12.27
2026-09-18,TAYD,60.65
2026-09-18,ALTG,5.98
2026-09-18,QMLS,5.83
2026-09-18,VTN,9.9899
2026-09-18,SRZN,16.535
2026-09-18,GCTS,2.0897
2026-09-18,QUIK,10.44
2026-09-18,ESP,63.68
2026-09-18,CBFV,37.5
2026-09-18,AMPY,4.555
2026-09-18,LCUT,8.21
2026-09-18,VYGR,3.06
2026-09-18,CXDO,5.67
2026-09-18,HNVR,26.69
2026-09-18,AOMR,8.11
2026-09-18,XPOF,3.81
2026-09-18,XGN,7.75
2026-09-18,SAFX,0.4505
2026-09-18,ABOS,2.585
2026-09-18,FNWD,43.14
2026-09-18,CHRS,1.2049
2026-09-18,FT,7.36
2026-09-18,DTIL,6.7
2026-09-18,NUCL,6.19
2026-09-18,ECBK,20.945
2026-09-18,SBFG,29.24
2026-09-18,SSTK,4.948
2026-09-18,DOMO,3.875
2026-09-18,PED,13.7
2026-09-18,UIS,2.49
2026-09-18,GPJA,19.6
2026-09-18,EPSN,5.935
2026-09-18,FINW,12.9452
2026-09-18,MPV,16.95
2026-09-18,MNSBP,25.125
2026-09-18,CIA,3.525
2026-09-18,EU,0.9154
2026-09-18,MNSB,24.97
2026-09-18,MRDN,14.005
2026-09-18,WHLRD,36.0
2026-09-18,BVFL,20.91
2026-09-18,ORGO,1.375
2026-09-18,WHG,18.5
2026-09-18,USBC,0.4536
2026-09-18,EBMT,21.95
2026-09-18,AP,8.4489
2026-09-18,QSI,0.7962
2026-09-18,SKYX,1.28
2026-09-18,IMSRW,1.6252
2026-09-18,NERV,3.6
2026-09-18,OTLK,0.702
2026-09-18,FIRY,10.28
2026-09-18,FLWS,2.655
2026-09-18,CNTN,2.131
2026-09-18,SEVN,7.42
2026-09-18,CURI,2.825
2026-09-18,JELD,1.93
2026-09-18,TONX,3.03
2026-09-18,GNT,9.02
2026-09-18,GRX,9.63
2026-09-18,LUCD,0.8073
2026-09-18,HUMA,0.5903
2026-09-18,DLTH,4.31
2026-09-18,RNA,9.54
2026-09-18,MNOV,3.3
2026-09-18,LFCR,4.27
2026-09-18,LEE,7.235
2026-09-18,LFMD,3.345
2026-09-18,ONEW,9.67
2026-09-18,AIRS,2.235
2026-09-18,DFDV,4.9
2026-09-18,ATOM,4.091
2026-09-18,EML,26.295
2026-09-18,WHF,7.35
2026-09-18,NLOP,10.65
2026-09-18,EARN,4.195
2026-09-18,ARMP,4.23
2026-09-18,WW,15.72
2026-09-18,DVLT,0.1651
2026-09-18,SPRB,54.08
2026-09-18,DOUG,1.705
2026-09-18,RTB,10.7
2026-09-18,SRBK,19.45
2026-09-18,TRAK,8.48
2026-09-18,PIM,3.055
2026-09-18,BSET,17.64
2026-09-18,SITC,2.89
2026-09-18,TNYA,0.6733
2026-09-18,NMRA,0.8001
2026-09-18,BCBP,8.29
2026-09-18,BANX,21.083
2026-09-18,NRXP,3.455
2026-09-18,NAKA,8.34
2026-09-18,HURC,22.995
2026-09-18,NEN,53.5
2026-09-18,QTRX,3.125
2026-09-18,TUSK,3.07
2026-09-18,AUC,6.66
2026-09-18,BRLT,1.445
2026-09-18,PAAC,10.15
2026-09-18,CDXS,1.34
2026-09-18,KRMD,3.17
2026-09-18,ELME,1.645
2026-09-18,CNXU,5.16
2026-09-18,SHIM,3.52
2026-09-18,LSBK,18.5
2026-09-18,DIBS,4.32
2026-09-18,WALD,1.115
2026-09-18,OPRX,7.6125
2026-09-18,EGAN,5.47
2026-09-18,NXG,54.525
2026-09-18,FGBI,8.55
2026-09-18,SJT,3.0323
2026-09-18,RRGB,7.465
2026-09-18,HOFT,13.17
2026-09-18,CRBP,7.2701
2026-09-18,IMUX,10.3
2026-09-18,COOK,50.2
2026-09-18,INTT,10.9
2026-09-18,RGP,4.02
2026-09-18,GHI,5.9196
2026-09-18,ONL,2.445
2026-09-18,DH,0.9605
2026-09-18,CRBU,1.295
2026-09-18,AMTX,1.915
2026-09-18,OXSQ,1.2762
2026-09-18,AGPU,11.785
2026-09-18,CLAR,3.565
2026-09-18,HSDT,2.255
2026-09-18,HCAT,1.81
2026-09-18,INGN,5.095
2026-09-18,HYNE,16.65
2026-09-18,ACNT,14.955
2026-09-18,MED,12.01
2026-09-18,OWLT,4.58
2026-09-18,UNCY,4.795
2026-09-18,SMID,24.94
2026-09-18,TLYS,4.32
2026-09-18,SIF,21.125
2026-09-18,HURA,2.07
2026-09-18,PAL,4.69
2026-09-18,BMEA,1.815
2026-09-18,KVHI,7.245
2026-09-18,STXS,1.31
2026-09-18,OCC,14.79
2026-09-18,LENZ,4.14
2026-09-18,PLBY,1.085
2026-09-18,BOOM,6.32
2026-09-18,NAUT,1.02
2026-09-18,WYY,12.95
2026-09-18,ZSQR,2.44
2026-09-18,EPM,3.585
2026-09-18,NIOBW,0.88
2026-09-18,INO,1.235
2026-09-18,VNCE,9.83
2026-09-18,TISI,27.7
2026-09-18,APYX,3.01
2026-09-18,VTVT,31.87
2026-09-18,CVGI,3.1
2026-09-18,MGYR,19.4
2026-09-18,INSE,4.75
2026-09-18,FGNXP,24.5
2026-09-18,SFBC,48.4601
2026-09-18,MXCT,1.205
2026-09-18,BOTJ,27.35
2026-09-18,AARD,5.66
2026-09-18,CBUS,1.62
2026-09-18,BHR,1.79
2026-09-18,UFI,6.605
2026-09-18,JHS,10.5
2026-09-18,IMDX,3.73
2026-09-18,AXR,22.9001
2026-09-18,OPENW,0.125
2026-09-18,JYNT,8.53
2026-09-18,HDRN,1.68
2026-09-18,WSBK,12.92
2026-09-18,CODA,10.635
2026-09-18,EQ,1.89
2026-09-18,VRA,4.15
2026-09-18,OKUR,2.92
2026-09-18,BEEP,2.85
2026-09-18,UNB,23.735
2026-09-18,RANI,0.8416
2026-09-18,PROV,18.69
2026-09-18,OPHC,9.22
2026-09-18,BSBK,9.11
2026-09-18,HOVNP,19.3979
2026-09-18,SAMG,9.71
2026-09-18,PZG,1.34
2026-09-18,PNBK,0.9643
2026-09-18,XHLD,9.5
2026-09-18,DMRC,5.05
2026-09-18,RVSB,5.62
2026-09-18,KULR,2.445
2026-09-18,HOVR,1.6819
2026-09-18,STHO,9.315
2026-09-18,GNLX,2.48
2026-09-18,BDTX,1.95
2026-09-18,USGO,7.98
2026-09-18,PMVP,1.475
2026-09-18,VERI,1.105
2026-09-18,OESX,27.13
2026-09-18,VANI,1.225
2026-09-18,GGT,4.005
2026-09-18,BYFC,11.88
2026-09-18,RFL,2.115
2026-09-18,NRDY,8.6
2026-09-18,GLU,18.39
2026-09-18,SRG,1.945
2026-09-18,COYA,4.665
2026-09-18,JHI,12.44
2026-09-18,KDKRW,0.54
2026-09-18,FLNT,3.41
2026-09-18,SPWR,0.3444
2026-09-18,CPIX,7.16
2026-09-18,SEER,1.93
2026-09-18,AMPG,3.5199
2026-09-18,ZVIA,1.365
2026-09-18,CABO,18.51
2026-09-18,ECOR,11.64
2026-09-18,FJET,1.905
2026-09-18,VATE,7.66
2026-09-18,EP,2.51
2026-09-18,DWSN,3.3597
2026-09-18,PLYX,2.08
2026-09-18,LAKE,10.41
2026-09-18,KEQU,35.6
2026-09-18,WRAP,1.5934
2026-09-18,ILLU,9.99
2026-09-18,NTHI,3.44
2026-09-18,RDZN,1.2
2026-09-18,GOAI,2.555
2026-09-18,ACR,13.56
2026-09-18,SUNS,7.5
2026-09-18,CGTX,1.0659
2026-09-18,BWEN,4.27
2026-09-18,ETS,2.07
2026-09-18,CRDF,1.295
2026-09-18,NRXS,7.96
2026-09-18,PUSA,3.61
2026-09-18,VENU,1.6803
2026-09-18,MNTS,4.48
2026-09-18,VIRC,6.22
2026-09-18,FDSB,18.52
2026-09-18,PARK,20.35
2026-09-18,ATRA,9.62
2026-09-18,TSQ,5.2536
2026-09-18,GETY,0.23
2026-09-18,MDIA,1.135
2026-09-18,GUTS,0.5981
2026-09-18,FNWB,10.0
2026-09-18,SPAI,4.65
2026-09-18,SIEB,2.3
2026-09-18,BZAI,0.6511
2026-09-18,SLNG,5.04
2026-09-18,ANIX,2.69
2026-09-18,AEYE,7.435
2026-09-18,ULBI,5.6
2026-09-18,RPT,11.9
2026-09-18,AUBN,26.25
2026-09-18,BZFD,1.095
2026-09-18,RLYB,17.18
2026-09-18,HFFG,1.64
2026-09-18,TGEN,3.02
2026-09-18,CCLD,2.1441
2026-09-18,FUSB,16.45
2026-09-18,GRWG,1.53
2026-09-18,ARQ,2.06
2026-09-18,RFIL,8.28
2026-09-18,MGF,2.75
2026-09-18,CPBI,21.435
2026-09-18,NTRB,7.35
2026-09-18,CTOR,0.96
2026-09-18,PFX,46.21
2026-09-18,MHH,7.425
2026-09-18,MMLP,2.27
2026-09-18,GFUZW,1.39
2026-09-18,SKIN,0.6773
2026-09-18,UBCP,15.36
2026-09-18,DTI,2.495
2026-09-18,LNSR,7.16
2026-09-18,ROC,4.6099
2026-09-18,FTLF,9.32
2026-09-18,BCIC,7.055
2026-09-18,ATLX,2.9
2026-09-18,ICCC,9.61
2026-09-18,SLQT,0.4939
2026-09-18,BYRN,3.71
2026-09-18,EIC,9.685
2026-09-18,EMPD,3.05
2026-09-18,LGL,6.795
2026-09-18,EVF,4.88
2026-09-18,LUNG,1.99
2026-09-18,BDL,45.65
2026-09-18,ALDX,1.405
2026-09-18,DTCX,2.1
2026-09-18,SEV,2.075
2026-09-18,ACET,8.9742
2026-09-18,NRT,9.1401
2026-09-18,GCV,4.41
2026-09-18,THRY,1.88
2026-09-18,CHGG,0.7508
2026-09-18,HYPR,0.786
2026-09-18,TELO,1.21
2026-09-18,ASRV,4.87
2026-09-18,NDLS,13.85
2026-09-18,PBHC,16.87
2026-09-18,SSBI,12.38
2026-09-18,FBIO,2.475
2026-09-18,VRCA,4.7899
2026-09-18,AIRT,30.675
2026-09-18,SRFM,0.6631
2026-09-18,ACH,1.055
2026-09-18,INTG,37.65
2026-09-18,MAYS,40.1197
2026-09-18,BSIN,1.5406
2026-09-18,FSEA,17.18
2026-09-18,AUROW,0.0403
2026-09-18,DTF,11.48
2026-09-18,HNNA,10.18
2026-09-18,LNZA,6.145
2026-09-18,IBIO,1.25
2026-09-18,TYGO,1.045
2026-09-18,CPHC,15.44
2026-09-18,LINK,5.0748
2026-09-18,CVRX,3.0
2026-09-18,SERA,2.02
2026-09-18,AMCI,3.41
2026-09-18,FATN,5.6008
2026-09-18,BLNK,0.5424
2026-09-18,BARK,8.69
2026-09-18,SSTI,5.96
2026-09-18,AFCG,3.46
2026-09-18,NEOVW,1.33
2026-09-18,BSEM,4.35
2026-09-18,CPSH,4.0014
2026-09-18,CSPI,7.68
2026-09-18,KLRS,3.25
2026-09-18,LFVN,6.145
2026-09-18,GECC,5.5398
2026-09-18,GANX,1.76
2026-09-18,FEAM,1.85
2026-09-18,UPXI,1.045
2026-09-18,RNXT,1.7
2026-09-18,SCOR,5.05
2026-09-18,ISPR,1.3158
2026-09-18,GLV,5.9436
2026-09-18,SUIG,0.98
2026-09-18,IOR,18.4999
2026-09-18,OPXS,10.8028
2026-09-18,BLUW,10.365
2026-09-18,ACRV,1.7318
2026-09-18,CING,5.1
2026-09-18,CRT,12.3457
2026-09-18,STEX,0.636
2026-09-18,NSTS,14.08
2026-09-18,HFBL,24.2
2026-09-18,TMSWW,1.0
2026-09-18,GOSS,12.0
2026-09-18,NTIC,7.72
2026-09-18,VHUB,0.7505
2026-09-18,UEIC,5.65
2026-09-18,CLST,18.0
2026-09-18,ELOX,17.97
2026-09-18,CEV,10.28
2026-09-18,FACWW,0.6727
2026-09-18,AIRG,5.455
2026-09-18,AIFC,0.5109
2026-09-18,BATL,1.24
2026-09-18,JRSH,5.59
2026-09-18,PRTS,8.78
2026-09-18,AIRJW,0.9401
2026-09-18,PLRX,1.1399
2026-09-18,BTCS,1.345
2026-09-18,RSSS,2.09
2026-09-18,NFE,12.34
2026-09-18,PODC,2.33
2026-09-18,SOTK,4.48
2026-09-18,WWR,0.5471
2026-09-18,RGS,27.97
2026-09-18,GNSS,1.53
2026-09-18,TENX,1.855
2026-09-18,CLSKW,0.27
2026-09-18,OPENL,0.0713
2026-09-18,CVU,5.22
2026-09-18,CSBR,4.94
2026-09-18,GEG,2.2
2026-09-18,DXR,11.715
2026-09-18,INSG,4.16
2026-09-18,IPWR,4.145
2026-09-18,AISP,1.975
2026-09-18,FLL,1.84
2026-09-18,USDEW,2.46
2026-09-18,GEOS,5.15
2026-09-18,XBIT,2.175
2026-09-18,WFCF,13.3001
2026-09-18,OPENZ,0.0681
2026-09-18,USIO,2.31
2026-09-18,SPRO,1.125
2026-09-18,UAVS,1.04
2026-09-18,APLM,22.53
2026-09-18,CAST,1.37
2026-09-18,LONA,6.89
2026-09-18,RNTX,0.7433
2026-09-18,WATT,11.6
2026-09-18,RENT,1.8958
2026-09-18,AVD,2.17
2026-09-18,PDSB,0.8816
2026-09-18,BOLD,2.805
2026-09-18,DIT,64.78
2026-09-18,HOUR,1.79
2026-09-18,FRMM,4.7229
2026-09-18,HWH,2.09
2026-09-18,INVE,2.56
2026-09-18,IH,1.21
2026-09-18,BOF,3.8
2026-09-18,PVL,1.865
2026-09-18,TLPH,1.18
2026-09-18,HRTX,0.3225
2026-09-18,MCHX,1.3631
2026-09-18,TTEC,1.225
2026-09-18,VGAS,1.355
2026-09-18,BBBYW,0.6288
2026-09-18,INV,0.7093
2026-09-18,SOWG,2.9851
2026-09-18,REKR,0.4351
2026-09-18,EXOZ,6.43
2026-09-18,DWTX,1.75
2026-09-18,IMA,5.24
2026-09-18,MYPS,0.4936
2026-09-18,TZOO,5.81
2026-09-18,XLO,9.0
2026-09-18,INKT,11.59
2026-09-18,SGA,9.24
2026-09-18,INMB,2.115
2026-09-18,OM,3.11
2026-09-18,SLSN,0.8272
2026-09-18,SELF,5.105
2026-09-18,SCWO,3.29
2026-09-18,DOMH,2.4001
2026-09-18,VOC,3.417
2026-09-18,PIII,7.95
2026-09-18,NMAD,3.575
2026-09-18,BAER,0.9764
2026-09-18,TELA,1.2695
2026-09-18,LIDR,1.225
2026-09-18,SER,2.25
2026-09-18,SKIL,6.26
2026-09-18,XPL,0.5993
2026-09-18,RPID,1.13
2026-09-18,STI,6.65
2026-09-18,SKYA,1.295
2026-09-18,FBDT,0.9984
2026-09-18,CLPR,3.4434
2026-09-18,FTEK,1.7808
2026-09-18,CIRC,0.485
2026-09-18,TPCS,5.47
2026-09-18,EDSA,4.07
2026-09-18,DLHC,3.78
2026-09-18,OFS,4.06
2026-09-18,COCH,0.701
2026-09-18,HIT,0.8256
2026-09-18,BNAI,7.17
2026-09-18,BGSF,5.0
2026-09-18,HYPD,3.43
2026-09-18,ACFN,21.17
2026-09-18,GENK,1.61
2026-09-18,BRID,5.83
2026-09-18,TACT,5.12
2026-09-18,OPTXW,1.31
2026-09-18,MVIS,1.745
2026-09-18,AGIG,1.19
2026-09-18,VRM,10.0
2026-09-18,GLND,1.1898
2026-09-18,MDAI,1.61
2026-09-18,CLNN,4.0075
2026-09-18,SRTS,3.1
2026-09-18,VHC,12.08
2026-09-18,MYO,1.2838
2026-09-18,NTWK,4.28
2026-09-18,AIRTP,18.93
2026-09-18,STKS,1.5997
2026-09-18,BTMD,1.41
2026-09-18,SEAT,4.3
2026-09-18,HAIN,0.5527
2026-09-18,CNVS,2.11
2026-09-18,TLSIW,0.81
2026-09-18,ANVS,1.1611
2026-09-18,ELTX,1.885
2026-09-18,LASE,0.8098
2026-09-18,TIL,7.23
2026-09-18,TCBS,17.05
2026-09-18,TVGN,7.52
2026-09-18,HCMAW,0.615
2026-09-18,TEAD,0.4964
2026-09-18,PFXNZ,24.083
2026-09-18,IDN,2.37
2026-09-18,RYM,21.82
2026-09-18,LVO,3.5
2026-09-18,IZEA,2.735
2026-09-18,HOWL,0.98
2026-09-18,NEPH,4.37
2026-09-18,HGBL,1.37
2026-09-18,PRPO,26.485
2026-09-18,CATO,2.38
2026-09-18,CULP,3.72
2026-09-18,POCI,4.3
2026-09-18,KFFB,5.8
2026-09-18,WHLRP,9.5
2026-09-18,RDI,2.04
2026-09-18,ELWT,7.01
2026-09-18,CMTL,1.545
2026-09-18,PLCE,2.0601
2026-09-18,XTNT,0.3264
2026-09-18,PAAI,0.9584
2026-09-18,SACH,0.95
2026-09-18,SCLX,5.355
2026-09-18,PROP,0.4021
2026-09-18,STEM,4.71
2026-09-18,LOAN,3.9214
2026-09-18,MBBC,15.134
2026-09-18,MLGO,3.5612
2026-09-18,AVAT,1.0125
2026-09-18,SPWH,1.115
2026-09-18,MGX,1.155
2026-09-18,GAME,3.4
2026-09-18,SDEV,0.8525
2026-09-18,OMEX,0.724
2026-09-18,MCRB,4.23
2026-09-18,GPMT,0.8765
2026-09-18,SCYX,4.23
2026-09-18,RAVE,2.96
2026-09-18,PXLW,6.8542
2026-09-18,XRXDW,0.3124
2026-09-18,VERU,2.385
2026-09-18,SYPR,1.76
2026-09-18,MAMO,0.963
2026-09-18,CELU,1.37
2026-09-18,RMCO,2.6102
2026-09-18,ATNM,1.24
2026-09-18,MLSS,0.4298
2026-09-18,ATYR,0.396
2026-09-18,KPTI,1.71
2026-09-18,PPSI,3.48
2026-09-18,CRVO,2.524
2026-09-18,BODI,5.25
2026-09-18,QTI,2.6
2026-09-18,MIND,4.175
2026-09-18,ATHR,3.1006
2026-09-18,AEI,0.97
2026-09-18,HOLO,1.645
2026-09-18,STRR,10.2
2026-09-18,VTIX,1.1067
2026-09-18,DCGO,0.3783
2026-09-18,XOS,2.62
2026-09-18,XTIA,0.955
2026-09-18,GROW,2.985
2026-09-18,HBIO,8.0325
2026-09-18,BRRWW,0.412
2026-09-18,ELUT,0.8205
2026-09-18,SNWV,4.215
2026-09-18,MLCI,3.2
2026-09-18,STRRP,9.6632
2026-09-18,FGNX,6.9901
2026-09-18,CCEL,4.41
2026-09-18,AERT,6.77
2026-09-18,CREX,2.625
2026-09-18,DXLG,0.64
2026-09-18,NTIP,1.55
2026-09-18,LITS,1.11
2026-09-18,NNVC,1.375
2026-09-18,TOON,0.5613
2026-09-18,FTCI,2.11
2026-09-18,FSP,0.335
2026-09-18,LFT,6.61
2026-09-18,VIP,1.87
2026-09-18,PETS,1.585
2026-09-18,SBCWW,0.334
2026-09-18,HHS,4.59
2026-09-18,CNTX,0.3702
2026-09-18,WKHS,3.11
2026-09-18,FLNA,0.7035
2026-09-18,YDESW,0.475
2026-09-18,XBP,2.8
2026-09-18,NSYS,11.62
2026-09-18,BLNE,1.0
2026-09-18,SST,3.1378
2026-09-18,UG,7.11
2026-09-18,VTSI,2.88
2026-09-18,ALGS,5.21
2026-09-18,COHN,10.05
2026-09-18,KOSS,3.42
2026-09-18,SPRU,1.67
2026-09-18,CNTY,1.1425
2026-09-18,KLXE,1.505
2026-09-18,CVV,4.6
2026-09-18,FIEE,3.7
2026-09-18,RAND,10.62
2026-09-18,GAIA,1.24
2026-09-18,RMTI,7.8006
2026-09-18,PAVM,3.9
2026-09-18,ABVC,1.1677
2026-09-18,BEEM,1.375
2026-09-18,GPUS,0.1753
2026-09-18,BBGI,16.62
2026-09-18,MIRA,0.7284
2026-09-18,KYNB,7.55
2026-09-18,SWAG,1.64
2026-09-18,SLND,0.5561
2026-09-18,COSM,0.2944
2026-09-18,BYSI,0.7185
2026-09-18,DAIO,2.84
2026-09-18,NXTC,6.38
2026-09-18,LVLU,10.11
2026-09-18,QRHC,1.37
2026-09-18,BIRD,2.44
2026-09-18,TAOX,3.815
2026-09-18,FLD,0.52
2026-09-18,IGC,0.273
2026-09-18,FKWL,2.39
2026-09-18,AAME,1.38
2026-09-18,ARAY,0.2355
2026-09-18,ASTI,2.86
2026-09-18,EHTH,0.8698
2026-09-18,RNAZ,1.63
2026-09-18,PRHI,7.36
2026-09-18,KSCP,1.165
2026-09-18,QNCX,27.05
2026-09-18,OCCI,2.365
2026-09-18,CRWS,2.55
2026-09-18,ESLA,0.6308
2026-09-18,DFDVW,0.8344
2026-09-18,CVM,1.54
2026-09-18,NTRP,1.76
2026-09-18,KTCC,2.42
2026-09-18,AWRE,1.19
2026-09-18,LOCL,1.1001
2026-09-18,NXPL,9.47
2026-09-18,SKYQ,2.9
2026-09-18,JOB,0.2329
2026-09-18,MBNKO,25.465
2026-09-18,TXMD,2.18
2026-09-18,PRT,2.04
2026-09-18,CLIR,3.61
2026-09-18,ACTU,1.02
2026-09-18,LIVE,7.945
2026-09-18,NOMA,1.59
2026-09-18,JVA,4.25
2026-09-18,ATOS,2.42
2026-09-18,GIFT,0.6738
2026-09-18,BEAT,0.4154
2026-09-18,DAVEW,1.83
2026-09-18,DFNS,8.13
2026-09-18,TVRD,1.7307
2026-09-18,SNAL,2.57
2026-09-18,CDLX,3.89
2026-09-18,LTRN,1.79
2026-09-18,HOVRW,0.34
2026-09-18,CLRB,2.4
2026-09-18,TCRX,0.356
2026-09-18,COCP,1.15
2026-09-18,BCG,1.2966
2026-09-18,GRDX,3.1
2026-09-18,KRSA,32.94
2026-09-18,MXC,10.717
2026-09-18,CKX,10.51
2026-09-18,TLF,2.632
2026-09-18,NUCLW,0.72
2026-09-18,AYTU,1.98
2026-09-18,AZIO,1.29
2026-09-18,LHAI,1.28
2026-09-18,EXYN,2.66
2026-09-18,MSGM,4.61
2026-09-18,AIXC,1.0
2026-09-18,XLABW,0.23
2026-09-18,FEMY,2.5
2026-09-18,JSPR,0.625
2026-09-18,RVP,0.692
2026-09-18,JAGX,3.09
2026-09-18,MWYN,1.0086
2026-09-18,BZAIW,0.14
2026-09-18,NEUP,3.74
2026-09-18,BNGO,1.7099
2026-09-18,MRKR,1.205
2026-09-18,RKTO,0.801
2026-09-18,ALLR,1.2399
2026-09-18,UONE,4.27
2026-09-18,NXXT,1.17
2026-09-18,UONEK,4.25
2026-09-18,AHT,2.9699
2026-09-18,AIFA,2.99
2026-09-18,MODD,2.35
2026-09-18,SUNE,2.92
2026-09-18,VEEA,6.1101
2026-09-18,MDRR,11.62
2026-09-18,ACCS,4.92
2026-09-18,HSCS,3.92
2026-09-18,INTZ,0.7669
2026-09-18,BFRI,1.25
2026-09-18,FTHM,0.5399
2026-09-18,CTSO,5.855
2026-09-18,BRFH,1.12
2026-09-18,LPCN,2.19
2026-09-18,BCDA,1.19
2026-09-18,SDOT,12.2901
2026-09-18,PTN,9.9
2026-09-18,MOBX,0.9773
2026-09-18,GRML,2.99
2026-09-18,IDAI,3.0982
2026-09-18,FGI,8.99
2026-09-18,OPAD,3.59
2026-09-18,FOXX,2.431
2026-09-18,KTTA,0.5095
2026-09-18,OPTT,1.88
2026-09-18,MDAIW,0.525
2026-09-18,TULP,3.54
2026-09-18,IPM,1.865
2026-09-18,EFOI,2.64
2026-09-18,AIFF,1.06
2026-09-18,DYAI,0.4151
2026-09-18,ZEO,0.2658
2026-09-18,FABC,2.355
2026-09-18,ARKR,4.51
2026-09-18,CTXR,0.5875
2026-09-18,HODO,0.1799
2026-09-18,TOMZ,1.625
2026-09-18,SMSI,2.84
2026-09-18,GTIM,1.5
2026-09-18,ARTW,3.03
2026-09-18,PASG,4.86
2026-09-18,TPST,0.9363
2026-09-18,CNSY,2.0352
2026-09-18,ANNAW,0.2301
2026-09-18,FUSE,0.5295
2026-09-18,MEDS,4.78
2026-09-18,WVVIP,3.065
2026-09-18,BIVI,1.8048
2026-09-18,LSTA,1.69
2026-09-18,UUU,4.96
2026-09-18,MBRX,0.77
2026-09-18,MTEX,7.7282
2026-09-18,DARE,0.758
2026-09-18,CRMT,1.78
2026-09-18,BRN,1.02
2026-09-18,MDBH,2.7
2026-09-18,GWH,0.36
2026-09-18,BTLN,0.6674
2026-09-18,REFR,0.4099
2026-09-18,DLPN,1.07
2026-09-18,GLNDW,0.315
2026-09-18,ADIL,5.24
2026-09-18,HIND,1.96
2026-09-18,CALC,2.0
2026-09-18,ICU,3.095
2026-09-18,GYGY,0.9392
2026-09-18,AISPW,0.392
2026-09-18,EQS,0.96
2026-09-18,ASTC,6.285
2026-09-18,CABR,1.27
2026-09-18,SCNX,0.32
2026-09-18,AIRI,2.7
2026-09-18,GTBP,7.2399
2026-09-18,CJMB,2.265
2026-09-18,INTS,3.9893
2026-09-18,DETX,2.29
2026-09-18,IHT,1.38
2026-09-18,DFLI,0.8595
2026-09-18,NMTC,1.41
2026-09-18,NHTC,1.4938
2026-09-18,ICMB,0.88
2026-09-18,ASBP,9.0
2026-09-18,NAII,1.98
2026-09-18,UPLD,4.2
2026-09-18,AIMD,1.45
2026-09-18,CETY,1.0171
2026-09-18,ATER,0.6838
2026-09-18,BTOC,0.27
2026-09-18,ARAI,0.2339
2026-09-18,ILLR,0.59
2026-09-18,FLUX,0.5503
2026-09-18,AEON,0.2382
2026-09-18,BBLGW,4.3
2026-09-18,MPU,3.45
2026-09-18,KPRX,2.65
2026-09-18,VWAV,0.3867
2026-09-18,NTRBW,0.958
2026-09-18,PHIO,0.9991
2026-09-18,NIXX,0.3955
2026-09-18,AENTW,0.2199
2026-09-18,CLRO,4.19
2026-09-18,SINT,1.68
2026-09-18,CYN,0.7267
2026-09-18,GYRO,5.05
2026-09-18,FNGR,0.1474
2026-09-18,EDUC,1.3
2026-09-18,IRIX,0.63
2026-09-18,ADGM,0.4976
2026-09-18,IQST,1.01
2026-09-18,SLE,4.45
2026-09-18,AEMD,6.84
2026-09-18,PRPL,2.52
2026-09-18,BENF,0.7076
2026-09-18,BLIN,0.865
2026-09-18,INAB,1.1
2026-09-18,HCTI,0.7212
2026-09-18,CISO,0.236
2026-09-18,CYCU,3.32
2026-09-18,JCTC,3.04
2026-09-18,TOVX,0.233
2026-09-18,SEGG,3.28
2026-09-18,BTBD,1.72
2026-09-18,FBLG,1.585
2026-09-18,MYSE,2.025
2026-09-18,FFAI,1.76
2026-09-18,BNKK,1.311
2026-09-18,BMRA,2.28
2026-09-18,KALA,0.5408
2026-09-18,VTGN,0.2349
2026-09-18,MSAI,4.7
2026-09-18,MTVA,1.57
2026-09-18,LNAI,2.25
2026-09-18,QNME,0.2931
2026-09-18,AWX,2.57
2026-09-18,SNTI,0.3199
2026-09-18,MSN,0.472
2026-09-18,SMXT,2.06
2026-09-18,INUV,0.5911
2026-09-18,SURG,0.1835
2026-09-18,MGRX,0.4499
2026-09-18,AMS,1.45
2026-09-18,HDRNW,0.1348
2026-09-18,SQFTP,6.675
2026-09-18,CVR,9.85
2026-09-18,AMOD,1.9
2026-09-18,WVVI,1.9
2026-09-18,APRE,0.7458
2026-09-18,DAIC,4.765
2026-09-18,VRME,0.7006
2026-09-18,LGVN,2.8624
2026-09-18,ENSC,0.4608
2026-09-18,MARPS,4.45
2026-09-18,SPWRW,0.0285
2026-09-18,ALZN,1.8391
2026-09-18,RDZNW,0.1042
2026-09-18,XCUR,1.35
2026-09-18,BAERW,0.15
2026-09-18,INHD,3.46
2026-09-18,BURU,0.9371
2026-09-18,TRAW,0.5498
2026-09-18,SNGX,0.3853
2026-09-18,RMCF,0.885
2026-09-18,AMIX,4.2596
2026-09-18,AQMS,2.3383
2026-09-18,NDRA,5.54
2026-09-18,BFRG,0.4476
2026-09-18,AIRE,1.3701
2026-09-18,OBAI,0.2702
2026-09-18,RAIN,0.6899
2026-09-18,IMNN,1.4297
2026-09-18,AMSS,0.688
2026-09-18,BIAF,6.73
2026-09-18,XWEL,0.9098
2026-09-18,CNSP,5.34
2026-09-18,ACXP,1.4
2026-09-18,SKYE,1.73
2026-09-18,LUCY,0.88
2026-09-18,ACON,2.6244
2026-09-18,AUID,0.4504
2026-09-18,DSS,0.7371
2026-09-18,CMCT,2.465
2026-09-18,ENVB,1.6
2026-09-18,PRSO,0.4744
2026-09-18,GXAI,0.6432
2026-09-18,BOLT,3.6
2026-09-18,YHGJ,2.6501
2026-09-18,AMST,1.05
2026-09-18,CODX,0.9779
2026-09-18,REBN,0.7866
2026-09-18,QCLS,0.809
2026-09-18,CURX,4.22
2026-09-18,DTST,2.82
2026-09-18,SGLY,1.2191
2026-09-18,BGMS,0.9901
2026-09-18,INBS,1.97
2026-09-18,NVNO,9.0
2026-09-18,XELB,0.9448
2026-09-18,ERNA,3.76
2026-09-18,CXAI,2.605
2026-09-18,NWTG,1.1201
2026-09-18,CDIO,2.045
2026-09-18,SNOA,1.26
2026-09-18,AIDX,0.4675
2026-09-18,EEIQ,3.6052
2026-09-18,MITQ,0.59
2026-09-18,AUUD,0.9902
2026-09-18,AQB,1.1151
2026-09-18,AMPGZ,0.1908
2026-09-18,GDC,1.37
2026-09-18,CELZ,0.8612
2026-09-18,POLA,1.2699
2026-09-18,VIVK,0.6623
2026-09-18,XBIO,2.31
2026-09-18,LESL,0.5583
2026-09-18,YCBD,0.4651
2026-09-18,PCSA,1.86
2026-09-18,VEEE,8.76
2026-09-18,PULM,1.392
2026-09-18,XPON,5.01
2026-09-18,ZNB,1.3799
2026-09-18,CWD,0.4878
2026-09-18,FCUV,5.11
2026-09-18,OLB,0.2036
2026-09-18,JTAI,1.352
2026-09-18,TWAV,1.24
2026-09-18,SLDPW,0.021
2026-09-18,KITT,0.638
2026-09-18,LABT,2.01
2026-09-18,EZRA,2.79
2026-09-18,DRMA,1.14
2026-09-18,MTR,2.45
2026-09-18,PMCB,0.4206
2026-09-18,LIMN,3.35
2026-09-18,SONM,3.01
2026-09-18,TRNR,2.76
2026-09-18,CETX,2.585
2026-09-18,VIVS,0.2682
2026-09-18,SNES,0.815
2026-09-18,HYFM,0.9067
2026-09-18,BNCWZ,0.1061
2026-09-18,RENX,1.65
2026-09-18,TGL,2.2323
2026-09-18,SCKT,0.5213
2026-09-18,RMSG,0.2632
2026-09-18,STLNW,0.0417
2026-09-18,NXL,5.08
2026-09-18,TNON,4.03
2026-09-18,COCHW,0.0529
2026-09-18,GWAV,2.63
2026-09-18,KUST,0.6171
2026-09-18,CVKD,1.115
2026-09-18,JUNS,3.01
2026-09-18,CAPS,0.1824
2026-09-18,FLDDW,0.0707
2026-09-18,SDST,0.2657
2026-09-18,GRI,1.75
2026-09-18,GBR,0.7363
2026-09-18,DBGI,4.035
2026-09-18,MKZR,1.35
2026-09-18,ELAB,4.61
2026-09-18,REVB,0.935
2026-09-18,MBIO,0.491
2026-09-18,BKYI,2.585
2026-09-18,BJDX,0.8301
2026-09-18,BRTX,2.66
2026-09-18,IVDA,0.2927
2026-09-18,RIME,0.2141
2026-09-18,HCWB,1.97
2026-09-18,GOVX,0.3942
2026-09-18,NUWE,0.9799
2026-09-18,SXTP,0.9632
2026-09-18,SHPH,3.265
2026-09-18,ISPC,1.33
2026-09-18,TCRT,1.3
2026-09-18,VVOS,0.1638
2026-09-18,APVO,1.819
2026-09-18,BOXL,4.45
2026-09-18,NCPL,0.41
2026-09-18,SILO,1.7901
2026-09-18,YYAI,0.6827
2026-09-18,XAIR,3.12
2026-09-18,EXYNW,0.37
2026-09-18,ONCO,0.6641
2026-09-18,CSAI,3.29
2026-09-18,VBIO,2.175
2026-09-18,GNPX,3.4068
2026-09-18,FLYE,1.68
2026-09-18,EDBL,1.39
2026-09-18,KIDZ,3.15
2026-09-18,BIVIW,0.31
2026-09-18,CDT,0.19
2026-09-18,NXGL,0.2617
2026-09-18,PW,6.94
2026-09-18,IPDN,3.7972
2026-09-18,CRIS,1.18
2026-09-18,RMCOW,0.1574
2026-09-18,IVF,0.9358
2026-09-18,PWCM,0.9499
2026-09-18,OGEN,0.5068
2026-09-18,MTNB,0.1555
2026-09-18,CHGA,2.01
2026-09-18,ONFO,0.8787
2026-09-18,MOBXW,0.12
2026-09-18,ARTL,3.86
2026-09-18,IPST,2.83
2026-09-18,SHFS,0.16
2026-09-18,TRUG,0.4191
2026-09-18,DCOY,2.95
2026-09-18,IPW,1.9378
2026-09-18,SQFT,1.29
2026-09-18,GNLN,2.64
2026-09-18,WHLR,0.3694
2026-09-18,GCTK,2.24
2026-09-18,VWAVW,0.058
2026-09-18,YHC,1.2746
2026-09-18,FUSEW,0.0549
2026-09-18,SNYR,0.1061
2026-09-18,BFRGW,0.085
2026-09-18,SKYAW,0.0349
2026-09-18,LRHC,2.69
2026-09-18,SGRX,1.7801
2026-09-18,PGYWW,0.0173
2026-09-18,BBLG,0.5075
2026-09-18,UK,2.0526
2026-09-18,DRCT,1.7
2026-09-18,OLOX,0.8104
2026-09-18,MSS,1.5599
2026-09-18,SMTK,2.3
2026-09-18,ZEOWW,0.0205
2026-09-18,SABSW,0.014
2026-09-18,GIPR,0.4136
2026-09-18,XXII,1.74
2026-09-18,ILLRW,0.06
2026-09-18,RKDA,0.47
2026-09-18,PFSA,1.8045
2026-09-18,SDSTW,0.0752
2026-09-18,VGASW,0.023
2026-09-18,SCLXW,0.1187
2026-09-18,GRMLW,0.1492
2026-09-18,HOLOW,0.0355
2026-09-18,AIMDW,0.0869
2026-09-18,WALDW,0.005
2026-09-18,FRGT,1.05
2026-09-18,BNAIW,0.07
2026-09-18,RMSGW,0.0306
2026-09-18,KLXER,0.022
2026-09-18,BNCWW,0.011
2026-09-18,BEATW,0.008
2026-09-18,HSCSW,0.09
2026-09-18,BZFDW,0.0048
2026-09-18,BTBDW,0.0548
2026-09-18,LUCYW,0.0391
2026-09-18,TVGNW,0.0516
2026-09-18,DFLIW,0.0218
2026-09-18,BFRIW,0.0206
2026-09-18,PDYNW,0.0055
2026-09-18,SEATW,0.022
2026-09-18,VEEAW,0.07
2026-09-18,LNZAW,0.0149
2026-09-18,BIAFW,0.1615
2026-09-18,CTNT,0.0571
2026-09-18,DFNSW,0.0623
2026-09-18,CDTTW,0.0127
2026-09-18,CYCUW,0.0419
2026-09-18,BENFW,0.0086
2026-09-18,NXGLW,0.0135
2026-09-18,AMODW,0.0255
2026-09-18,SXTPW,0.0352
2026-09-18,SHFSW,0.0093
2026-09-18,JSPRW,0.0031
2026-09-18,FGIWW,0.05
2026-09-18,KITTW,0.012
2026-09-18,SWAGW,0.0048
2026-09-18,CXAIW,0.0337
2026-09-18,ACONW,0.0256
2026-09-18,ICUCW,0.0164
2026-09-18,EDBLW,0.0301
2026-09-18,LIMNW,0.0437
2026-09-18,ERNAW,0.0313
2026-09-18,PIIIW,0.0068
2026-09-18,REVBW,0.0091
2026-09-18,APLMW,0.0116
2026-09-18,CDIOW,0.0102
2026-09-18,MSAIW,0.0134
2026-09-18,DAICW,0.0131
2026-09-18,ONFOW,0.009
2026-09-18,SQFTW,0.013
2026-09-18,ASBPW,0.0132
2026-09-18,LTRYW,0.0042
2026-09-18,TNONW,0.0069
2026-09-18,FGSN,20.4
2026-09-18,EMO,53.965
2026-09-18,FFA,22.835
2026-09-18,ASGI,20.505
2026-09-18,EMIS,10.25
2026-09-18,FFC,15.62
2026-09-18,USA,5.88
2026-09-18,AWP,10.94
2026-09-18,UTF,25.0249
2026-09-18,ASG,5.0
2026-09-18,FDMM,9.86
2026-09-18,FDMMW,0.3
2026-09-18,FAX,13.845
2026-09-18,EMD,9.9699
2026-09-18,EMF,22.2986
2026-09-18,FGIIU,10.11
2026-09-18,AWF,9.955
2026-09-18,ELLA,24.94
2026-09-18,FGII,10.02
2026-09-18,ALFUW,0.28
2026-09-18,EGHA,10.392
2026-09-18,ALF,10.8
2026-09-18,ALDFW,0.2601
2026-09-18,FIGXW,0.1795
2026-09-18,FIGX,10.321
2026-09-18,BACCU,10.89
2026-09-18,ALISU,10.79
2026-09-18,EHI,5.57
2026-09-18,EDF,5.2679
2026-09-18,ALISR,0.8
2026-09-18,FGIIW,0.1633
2026-09-18,EURKR,0.37
2026-09-18,EURK,11.33
2026-09-18,ATIIU,11.3
2026-09-18,ATIIW,1.29
2026-09-18,ETY,13.985
2026-09-18,ETJ,8.2
2026-09-18,ETG,23.0596
2026-09-18,ATII,10.66
2026-09-18,EWAV,9.9
2026-09-18,EVV,8.695
2026-09-18,XIIIU,10.592
2026-09-18,EVT,27.8501
2026-09-18,ERC,8.82
2026-09-18,EVOXU,10.28
2026-09-18,ATLQ,9.98
2026-09-18,ALIS,10.29
2026-09-18,ATLQW,0.05
2026-09-18,ATLQU,10.135
2026-09-18,FACT,10.71
2026-09-18,FACTW,0.175
2026-09-18,EWAVU,10.04
2026-09-18,EXG,9.6002
2026-09-18,AVK,12.035
2026-09-18,EVOX,10.12
2026-09-18,UYSC,11.0
2026-09-18,VBF,14.415
2026-09-18,UYSCR,0.0929
2026-09-18,EVG,10.22
2026-09-18,XELLL,21.79
2026-09-18,EOI,19.6
2026-09-18,ATLQR,0.15
2026-09-18,EOD,6.44
2026-09-18,UTG,36.2
2026-09-18,AACPR,0.1502
2026-09-18,AACP,10.07
2026-09-18,GOF,8.565
2026-09-18,SBI,7.29
2026-09-18,GLQ,7.76
2026-09-18,APMCR,0.0988
2026-09-18,GIX,10.04
2026-09-18,GIXXR,0.26
2026-09-18,GJH,9.45
2026-09-18,EIM,9.13
2026-09-18,YICCW,0.38
2026-09-18,YICC,9.93
2026-09-18,GJP,24.25
2026-09-18,GJR,24.555
2026-09-18,GJT,23.22
2026-09-18,GLO,5.53
2026-09-18,GGN,5.4325
2026-09-18,GHXI,9.99
2026-09-18,GHXIW,0.6
2026-09-18,GHY,11.24
2026-09-18,GJO,24.8
2026-09-18,SDHIU,10.6201
2026-09-18,TWLV,10.07
2026-09-18,TWLVR,0.0797
2026-09-18,TWN,99.97
2026-09-18,TWOD,26.265
2026-09-18,GSHR,10.54
2026-09-18,GSRF,10.23
2026-09-18,SDHI,10.53
2026-09-18,GSRV,9.9
2026-09-18,GTEN,10.53
2026-09-18,GPATW,0.1121
2026-09-18,GTENW,0.6513
2026-09-18,GRF,10.4
2026-09-18,SCPQ,10.03
2026-09-18,ZTR,6.365
2026-09-18,ZKPW,0.2934
2026-09-18,AACPW,0.1
2026-09-18,GPAC,10.06
2026-09-18,GPACU,10.18
2026-09-18,GPACW,0.171
2026-09-18,GPAT,11.15
2026-09-18,GTENU,10.65
2026-09-18,FWACR,0.1601
2026-09-18,FWACU,10.24
2026-09-18,FXAC,10.08
2026-09-18,AACIW,0.235
2026-09-18,FXACU,10.14
2026-09-18,FSSL,11.78
2026-09-18,ARCI,10.1
2026-09-18,FSHP,11.305
2026-09-18,FSHPR,0.0853
2026-09-18,ZKPU,10.24
2026-09-18,XSLLU,10.07
2026-09-18,XSLL,9.99
2026-09-18,FMAC,10.06
2026-09-18,FMY,11.395
2026-09-18,XRPNW,1.28
2026-09-18,XRPNU,10.93
2026-09-18,FJDIU,10.005
2026-09-18,FLC,16.09
2026-09-18,XRPN,10.55
2026-09-18,ARTC,10.0
2026-09-18,FPF,16.95
2026-09-18,GIW,10.16
2026-09-18,GIWWR,0.25
2026-09-18,GF,11.105
2026-09-18,GDL,8.37
2026-09-18,GDO,9.84
2026-09-18,GECCG,24.47
2026-09-18,GECCH,24.94
2026-09-18,GECCI,25.03
2026-09-18,ZKP,10.04
2026-09-18,GCGR,10.135
2026-09-18,APMCU,10.02
2026-09-18,APACU,10.39
2026-09-18,APACR,0.12
2026-09-18,APAC,10.225
2026-09-18,GAING,25.18
2026-09-18,GAINI,25.446
2026-09-18,AOMN,25.39
2026-09-18,AOMD,25.225
2026-09-18,AOD,10.4512
2026-09-18,FVAV,10.2856
2026-09-18,FWAC,9.94
2026-09-18,GCGRW,0.7
2026-09-18,BLUWU,10.5
2026-09-18,VVR,2.895
2026-09-18,BLRK,10.125
2026-09-18,CHI,12.185
2026-09-18,CHPG,10.44
2026-09-18,CHPGR,0.1303
2026-09-18,CGCF,9.815
2026-09-18,CGCFU,9.9
2026-09-18,CGCFW,0.31
2026-09-18,TVIV,9.945
2026-09-18,CHAR,10.99
2026-09-18,BPAC,10.19
2026-09-18,CEE,19.76
2026-09-18,BOE,12.29
2026-09-18,CEPF,10.375
2026-09-18,CEPO,10.765
2026-09-18,CEPS,10.35
2026-09-18,CEPV,10.36
2026-09-18,BREZ,10.07
2026-09-18,CGO,12.72
2026-09-18,CRF,6.095
2026-09-18,BLZRU,10.29
2026-09-18,ACAA,9.99
2026-09-18,ACAAW,0.756
2026-09-18,ACGC,10.06
2026-09-18,CRAN,10.11
2026-09-18,CRANR,0.17
2026-09-18,CRANU,10.31
2026-09-18,CRAQ,10.38
2026-09-18,ACGCW,0.4001
2026-09-18,CRBD,21.27
2026-09-18,BLZR,10.22
2026-09-18,CLM,6.315
2026-09-18,CIMO,25.27
2026-09-18,CIMP,25.05
2026-09-18,CHW,8.19
2026-09-18,CHY,12.37
2026-09-18,CICB,24.88
2026-09-18,CICC,24.67
2026-09-18,CIK,2.365
2026-09-18,CRAQU,10.5001
2026-09-18,CCAQW,0.2328
2026-09-18,CCCT,9.83
2026-09-18,CCCTU,9.9422
2026-09-18,CATL,9.87
2026-09-18,CATLR,0.19
2026-09-18,CATLU,10.01
2026-09-18,CAPN,11.29
2026-09-18,CAPNR,0.09
2026-09-18,CAPNU,11.17
2026-09-18,BRKHU,10.09
2026-09-18,CAQ,9.99
2026-09-18,BTT,22.16
2026-09-18,WIA,7.7901
2026-09-18,CAES,10.08
2026-09-18,BTO,37.66
2026-09-18,CAF,18.28
2026-09-18,BWG,7.3313
2026-09-18,CAII,9.98
2026-09-18,CAIIW,0.1679
2026-09-18,BUI,25.64
2026-09-18,CCXI,12.37
2026-09-18,CCXIU,12.5
2026-09-18,CCXIW,6.1
2026-09-18,BRKH,10.01
2026-09-18,BREZR,0.283
2026-09-18,WLII,10.26
2026-09-18,CCCTW,0.37
2026-09-18,CCD,23.46
2026-09-18,CCII,10.31
2026-09-18,CCAQ,10.7
2026-09-18,WIW,8.18
2026-09-18,CCIIW,0.7
2026-09-18,BRW,6.255
2026-09-18,WDI,12.3199
2026-09-18,BRTMU,9.99
2026-09-18,BRTM,9.84
2026-09-18,BSL,13.0
2026-09-18,WEA,10.135
2026-09-18,WENN,10.395
2026-09-18,WENNW,0.31
2026-09-18,CCIIU,10.4701
2026-09-18,DTSQU,11.49
2026-09-18,BEAGR,0.2101
2026-09-18,DUKU,49.15
2026-09-18,BEAG,10.9
2026-09-18,VHCP,10.09
2026-09-18,BDCI,10.16
2026-09-18,DSM,5.49
2026-09-18,DSU,9.1
2026-09-18,DTK,21.74
2026-09-18,ALPXU,10.1701
2026-09-18,DTSQR,0.105
2026-09-18,DPG,13.61
2026-09-18,DRDB,10.67
2026-09-18,DRDBU,10.72
2026-09-18,DRDBW,0.15
2026-09-18,BHAV,10.02
2026-09-18,BGY,5.775
2026-09-18,VLOS,10.67
2026-09-18,BGT,10.72
2026-09-18,DTSQ,11.5
2026-09-18,EEA,10.79
2026-09-18,BACCR,0.65
2026-09-18,BACC,10.6
2026-09-18,EFR,10.3584
2026-09-18,BBN,14.96
2026-09-18,BCV,23.85
2026-09-18,VGI,6.97
2026-09-18,ECCU,24.9901
2026-09-18,ECF,12.19
2026-09-18,ALOVW,0.3684
2026-09-18,BCCQU,10.27
2026-09-18,BCCQ,9.975
2026-09-18,XCBE,10.01
2026-09-18,EDD,5.641
2026-09-18,DYNC,10.89
2026-09-18,DYNCW,0.12
2026-09-18,DYOR,10.16
2026-09-18,EAD,6.19
2026-09-18,ALOV,9.99
2026-09-18,ALOVU,10.06
2026-09-18,BCCQW,0.959
2026-09-18,DBL,13.8711
2026-09-18,DAAQ,10.46
2026-09-18,DAAQW,0.14
2026-09-18,BHV,12.78
2026-09-18,BHK,8.595
2026-09-18,BKHAR,1.3
2026-09-18,BKHA,11.99
2026-09-18,CXII,10.75
2026-09-18,CXIIW,2.0
2026-09-18,VLOSU,10.81
2026-09-18,CUBWW,0.18
2026-09-18,BIXI,10.095
2026-09-18,CTAA,9.96
2026-09-18,CTAAR,0.1999
2026-09-18,CTAAU,10.12
2026-09-18,AMAN,10.62
2026-09-18,BIT,11.605
2026-09-18,BKHAU,12.0
2026-09-18,ALPX,9.95
2026-09-18,BLZRW,0.3
2026-09-18,BIXIW,0.35
2026-09-18,VLT,9.42
2026-09-18,DNMX,10.07
2026-09-18,DNMXW,0.2225
2026-09-18,DNP,10.165
2026-09-18,BGH,13.66
2026-09-18,DMAA,10.84
2026-09-18,DMAAR,0.1272
2026-09-18,DMII,10.16
2026-09-18,BGB,11.225
2026-09-18,BID,9.9
2026-09-18,DMIIU,10.1999
2026-09-18,DMO,9.77
2026-09-18,DHF,2.2632
2026-09-18,DHY,1.635
2026-09-18,BIDWU,10.0
2026-09-18,BIDWR,0.14
2026-09-18,VNME,10.3
2026-09-18,VNMEW,0.2405
2026-09-18,DBCA,10.05
2026-09-18,DBCAW,0.3699
2026-09-18,DMIIR,0.075
2026-09-18,OHAC,9.99
2026-09-18,OHACR,0.25
2026-09-18,OHACU,10.24
2026-09-18,OIM,10.13
2026-09-18,OIMAW,0.72
2026-09-18,OCCIM,25.0934
2026-09-18,OCLT,9.88
2026-09-18,OCLTR,0.2
2026-09-18,OCLTU,10.25
2026-09-18,OCLTW,0.04
2026-09-18,NZF,11.46
2026-09-18,IGD,6.375
2026-09-18,OACCU,10.9988
2026-09-18,SORNW,0.2
2026-09-18,SPE,13.12
2026-09-18,SPEG,10.36
2026-09-18,SPEGR,0.16
2026-09-18,SPEGU,10.48
2026-09-18,NUW,13.33
2026-09-18,NVG,11.495
2026-09-18,NTWO,10.9
2026-09-18,NTWOW,1.09
2026-09-18,NUV,8.5873
2026-09-18,SPKL,11.59
2026-09-18,OACC,10.7712
2026-09-18,PALO,10.078
2026-09-18,PALOU,10.05
2026-09-18,PALOW,0.32
2026-09-18,OXSQH,25.15
2026-09-18,OYSE,10.38
2026-09-18,OYSER,0.12
2026-09-18,PACH,10.34
2026-09-18,OXLCG,24.84
2026-09-18,OXLCI,25.28
2026-09-18,OSPR,9.83
2026-09-18,OSPRU,9.98
2026-09-18,OSPRW,0.3225
2026-09-18,SORN,10.02
2026-09-18,OTGAW,0.3001
2026-09-18,OPP,7.115
2026-09-18,SOCA,10.345
2026-09-18,SOCAW,0.195
2026-09-18,ADAC,10.09
2026-09-18,ADAMG,24.895
2026-09-18,ADAMH,25.11
2026-09-18,ONCH,10.32
2026-09-18,ONCHU,10.42
2026-09-18,ONCHW,0.49
2026-09-18,ADAMK,25.0281
2026-09-18,SOJF,23.77
2026-09-18,OTGA,10.25
2026-09-18,SSAC,10.1
2026-09-18,SSACR,0.18
2026-09-18,SSACW,0.06
2026-09-18,SSEA,10.34
2026-09-18,NMAI,13.9035
2026-09-18,NMI,9.825
2026-09-18,NML,10.475
2026-09-18,NMP,10.36
2026-09-18,NMPAR,0.2449
2026-09-18,NMS,10.38
2026-09-18,NMT,11.08
2026-09-18,NMZ,9.4899
2026-09-18,SPKLW,1.19
2026-09-18,NKX,11.36
2026-09-18,NFJ,15.23
2026-09-18,NHIC,9.5
2026-09-18,NHICW,1.1
2026-09-18,NHIV,10.05
2026-09-18,NHS,5.665
2026-09-18,NEWTH,25.29
2026-09-18,NEWTO,25.995
2026-09-18,STEW,18.12
2026-09-18,STK,52.13
2026-09-18,NCO,9.92
2026-09-18,NCOOU,10.285
2026-09-18,NIM,8.92
2026-09-18,SPXX,18.565
2026-09-18,NRK,9.805
2026-09-18,NRO,2.74
2026-09-18,NRUC,20.875
2026-09-18,NSAI,9.87
2026-09-18,NSAIR,0.1501
2026-09-18,NSAIU,10.04
2026-09-18,NSAIW,0.05
2026-09-18,NPAC,10.48
2026-09-18,NPACU,10.5
2026-09-18,NPACW,0.2335
2026-09-18,NPCT,9.56
2026-09-18,AFB,10.205
2026-09-18,NPV,9.84
2026-09-18,SRJN,21.935
2026-09-18,SRV,44.4212
2026-09-18,AFJK,12.2
2026-09-18,NNY,7.86
2026-09-18,NOEM,10.58
2026-09-18,NOEMR,0.17
2026-09-18,NOEMU,12.5
2026-09-18,NOEMW,0.11
2026-09-18,AESP,9.98
2026-09-18,AESPR,0.18
2026-09-18,AESPU,10.17
2026-09-18,NPFD,17.72
2026-09-18,RTAC,10.43
2026-09-18,RTACU,10.73
2026-09-18,RTACW,0.65
2026-09-18,RREV,9.91
2026-09-18,RNAQW,0.5
2026-09-18,RNGT,10.18
2026-09-18,RNGTW,0.28
2026-09-18,RNAQ,10.12
2026-09-18,RNAQU,10.24
2026-09-18,RIV,10.559
2026-09-18,RDAGW,0.28
2026-09-18,PAI,11.7
2026-09-18,RCG,3.04
2026-09-18,RCS,4.89
2026-09-18,RDAG,10.45
2026-09-18,ADAMO,24.85
2026-09-18,SHOT,9.86
2026-09-18,SHOTR,0.12
2026-09-18,SHOTU,9.97
2026-09-18,RA,11.96
2026-09-18,RACC,11.0
2026-09-18,RACD,11.75
2026-09-18,RANG,10.84
2026-09-18,RANGR,0.28
2026-09-18,RCD,23.1
2026-09-18,AACI,10.04
2026-09-18,APMC,9.97
2026-09-18,ARCL,10.0
2026-09-18,ARCLU,10.22
2026-09-18,ARCLW,0.0637
2026-09-18,APUR,10.02
2026-09-18,APURR,0.3398
2026-09-18,APXT,10.135
2026-09-18,APXTW,0.2901
2026-09-18,XTER,9.81
2026-09-18,XTERU,9.9
2026-09-18,XTERW,0.25
2026-09-18,RWTS,22.1
2026-09-18,SCATU,10.04
2026-09-18,SCD,15.16
2026-09-18,SCII,10.1301
2026-09-18,SAV,24.6
2026-09-18,SAX,24.95
2026-09-18,SAAQ,10.09
2026-09-18,SAAQU,10.2499
2026-09-18,SAAQW,0.57
2026-09-18,SABA,8.05
2026-09-18,RWAYI,24.5
2026-09-18,RWTP,23.48
2026-09-18,RWTQ,22.01
2026-09-18,ARCIW,0.42
2026-09-18,PGAC,10.71
2026-09-18,PGP,8.41
2026-09-18,PHK,4.305
2026-09-18,PFL,7.15
2026-09-18,PFLA,24.7
2026-09-18,PFN,6.505
2026-09-18,PFO,8.9
2026-09-18,PFD,11.04
2026-09-18,ADX,25.72
2026-09-18,AEFC,18.1118
2026-09-18,PECE,10.0
2026-09-18,PECER,0.36
2026-09-18,QQQX,29.92
2026-09-18,PEO,28.815
2026-09-18,PDT,12.105
2026-09-18,PCAP,10.37
2026-09-18,PCAPU,10.4501
2026-09-18,PCAPW,0.3
2026-09-18,PCF,5.375
2026-09-18,PCM,5.055
2026-09-18,PCN,11.265
2026-09-18,PCQ,8.24
2026-09-18,PAXS,13.39
2026-09-18,PACHU,10.3801
2026-09-18,PACHW,0.13
2026-09-18,PECEU,10.4
2026-09-18,QSEA,10.635
2026-09-18,QSEAR,0.21
2026-09-18,QUMS,10.34
2026-09-18,QADR,9.98
2026-09-18,QETA,11.85
2026-09-18,SIMA,11.19
2026-09-18,SIMAW,0.155
2026-09-18,PTY,11.335
2026-09-18,PWRL,11.05
2026-09-18,PYT,23.77
2026-09-18,PTAC,9.96
2026-09-18,PTACU,10.04
2026-09-18,PLMKW,0.359
2026-09-18,PTORW,0.31
2026-09-18,POLE,10.72
2026-09-18,POLEW,0.1399
2026-09-18,PML,6.89
2026-09-18,PMTR,10.4151
2026-09-18,PMTRW,0.68
2026-09-18,PMTV,25.33
2026-09-18,PMTW,25.16
2026-09-18,PNI,6.475
2026-09-18,PLCI,9.89
2026-09-18,PLCIU,10.12
2026-09-18,PLMK,10.71
2026-09-18,PTOR,9.98
2026-09-18,JBK,25.32
2026-09-18,ITHA,10.05
2026-09-18,ITHAW,0.12
2026-09-18,ISNR,9.83
2026-09-18,ISNRU,9.94
2026-09-18,ISNRW,0.29
2026-09-18,IRHO,10.06
2026-09-18,IRHOR,0.1852
2026-09-18,ISD,11.97
2026-09-18,IPFX,10.03
2026-09-18,IPFXU,10.37
2026-09-18,NEA,10.55
2026-09-18,IPHXU,10.099
2026-09-18,IPVV,9.84
2026-09-18,IPVVU,9.95
2026-09-18,IPXG,10.06
2026-09-18,IPXGW,0.65
2026-09-18,ACP,4.685
2026-09-18,IPEXR,0.515
2026-09-18,IPEXU,10.24
2026-09-18,INAC,10.35
2026-09-18,INACR,0.0801
2026-09-18,IHD,7.59
2026-09-18,IIF,22.17
2026-09-18,IPFXW,0.9999
2026-09-18,KCHV,10.44
2026-09-18,KCHVU,10.52
2026-09-18,KEYY,9.92
2026-09-18,TLAC,9.89
2026-09-18,TLACU,9.99
2026-09-18,TLACW,0.2
2026-09-18,TLNC,10.21
2026-09-18,JTTT,10.95
2026-09-18,JLS,16.42
2026-09-18,JMM,5.62
2026-09-18,JOF,12.51
2026-09-18,JONE,9.8201
2026-09-18,JATT,12.44
2026-09-18,JONEU,10.0
2026-09-18,JPC,7.045
2026-09-18,JQC,4.695
2026-09-18,JRI,11.53
2026-09-18,JRS,7.69
2026-09-18,TMTS,10.06
2026-09-18,TMUSI,19.96
2026-09-18,TMUSL,22.035
2026-09-18,TMUSZ,19.57
2026-09-18,JCE,16.595
2026-09-18,JFR,7.465
2026-09-18,JGH,11.995
2026-09-18,JONER,0.15
2026-09-18,HVMCW,0.1905
2026-09-18,HTD,24.2618
2026-09-18,HPS,13.025
2026-09-18,HPF,14.535
2026-09-18,HPI,14.935
2026-09-18,HLXC,10.6
2026-09-18,TSI,4.29
2026-09-18,HIO,3.43
2026-09-18,HIX,3.75
2026-09-18,HEQ,11.29
2026-09-18,HERZ,16.24
2026-09-18,HFRO,7.06
2026-09-18,ILLUW,0.33
2026-09-18,HCMAU,10.47
2026-09-18,HACQ,10.08
2026-09-18,ALDF,10.82
2026-09-18,TVA,10.56
2026-09-18,TVACW,0.25
2026-09-18,TVAI,10.38
2026-09-18,TVAIU,10.5
2026-09-18,TVC,23.8101
2026-09-18,GUAC,9.92
2026-09-18,GUACW,0.5975
2026-09-18,GUG,14.44
2026-09-18,TVE,23.33
2026-09-18,HCIC,10.0
2026-09-18,IEAG,10.26
2026-09-18,IEAGR,0.2
2026-09-18,IEAGU,10.37
2026-09-18,IFN,10.9964
2026-09-18,IGA,10.69
2026-09-18,IGAC,10.07
2026-09-18,IGACR,0.1599
2026-09-18,AACO,9.99
2026-09-18,IGI,15.52
2026-09-18,IGR,12.38
2026-09-18,IDAC,10.025
2026-09-18,IDACW,0.3672
2026-09-18,HVMC,10.25
2026-09-18,IACQ,9.99
2026-09-18,IACQW,0.4
2026-09-18,IAE,8.69
2026-09-18,IAF,12.7619
2026-09-18,IBAC,10.93
2026-09-18,IBACR,0.1153
2026-09-18,TRGS,9.97
2026-09-18,TRGSR,0.1684
2026-09-18,HYT,7.975
2026-09-18,IACO,9.99
2026-09-18,HVIIR,0.29
2026-09-18,HVIIU,13.5
2026-09-18,IDE,12.415
2026-09-18,MRCOW,0.32
2026-09-18,MPA,10.2
2026-09-18,AFJKU,13.0
2026-09-18,AGD,11.85
2026-09-18,MMD,14.25
2026-09-18,MMU,9.49
2026-09-18,MKLY,10.25
2026-09-18,MLAA,10.01
2026-09-18,MLAAW,0.22
2026-09-18,MLCIL,22.4
2026-09-18,SWZ,5.9
2026-09-18,MIACU,9.98
2026-09-18,KBONU,10.3
2026-09-18,MIAC,9.82
2026-09-18,MEVO,10.03
2026-09-18,SZZL,10.47
2026-09-18,SZZLR,0.17
2026-09-18,TACH,10.51
2026-09-18,TACHW,0.4319
2026-09-18,TACOW,0.74
2026-09-18,MEGI,14.19
2026-09-18,MESH,10.08
2026-09-18,MESHU,10.245
2026-09-18,MESHW,0.26
2026-09-18,METCI,25.26
2026-09-18,MHF,6.4
2026-09-18,NAZ,11.67
2026-09-18,NBB,14.72
2026-09-18,NBH,9.66
2026-09-18,NBXG,15.0624
2026-09-18,NCA,8.7
2026-09-18,MYX,9.99
2026-09-18,MYXXR,0.207
2026-09-18,NAC,10.825
2026-09-18,NAD,10.73
2026-09-18,MXE,13.3001
2026-09-18,MXF,21.38
2026-09-18,MYN,9.065
2026-09-18,MRCOU,10.02
2026-09-18,MTAK,9.9
2026-09-18,MTAKU,9.99
2026-09-18,MTAKW,0.15
2026-09-18,MSD,7.17
2026-09-18,MSDL,14.95
2026-09-18,SVAQ,10.1
2026-09-18,SVAQW,0.41
2026-09-18,SVCC,10.69
2026-09-18,SVCCU,10.71
2026-09-18,SVIV,10.17
2026-09-18,SVIVW,0.85
2026-09-18,MRCO,9.89
2026-09-18,MUZE,10.0
2026-09-18,LGI,17.18
2026-09-18,LFAC,10.07
2026-09-18,LFACW,0.28
2026-09-18,LCCC,10.52
2026-09-18,LCCCR,0.145
2026-09-18,LDP,19.83
2026-09-18,TDWD,10.11
2026-09-18,TDWDR,0.12
2026-09-18,TEI,6.487
2026-09-18,LATA,10.1901
2026-09-18,LATAU,10.3
2026-09-18,KTH,28.59
2026-09-18,METCZ,25.48
2026-09-18,KOYN,10.22
2026-09-18,KRAQ,10.03
2026-09-18,KKRT,23.2351
2026-09-18,THEO,9.89
2026-09-18,THEOU,10.2
2026-09-18,THQ,19.175
2026-09-18,THW,13.471
2026-09-18,KEYYW,0.4
2026-09-18,KF,65.2
2026-09-18,KFII,10.66
2026-09-18,KIO,10.69
2026-09-18,KBON,10.1
2026-09-18,KTN,25.55
2026-09-18,MCN,5.51
2026-09-18,MBVI,10.25
2026-09-18,MCAH,10.0
2026-09-18,MCGA,10.345
2026-09-18,MCGAU,10.335
2026-09-18,MACI,11.0201
2026-09-18,LWAC,10.32
2026-09-18,LWACW,0.19
2026-09-18,TAVI,10.76
2026-09-18,TBCVU,9.92
2026-09-18,LTGR,9.965
2026-09-18,LTGRU,10.18
2026-09-18,LKSP,10.235
2026-09-18,LPCVW,0.33
2026-09-18,LPAA,10.76
2026-09-18,LPAAW,0.14
2026-09-18,LPBB,10.83
2026-09-18,LPBBW,0.2
2026-09-18,LPCV,10.06
2026-09-18,TCGX,14.35
2026-09-18,TDAC,10.86
2026-09-18,TDACU,12.57
2026-09-18,TDACW,1.45
2026-09-18,TDF,10.19
2026-09-18,LKSPR,0.7
2026-09-18,LPCVU,10.2548
2026-09-18,ABR^D,15.43
2026-09-18,ABR^E,15.21
2026-09-18,ABR^F,22.28
2026-09-18,ACP^A,18.5
2026-09-18,ACR^C,23.9799
2026-09-18,ACR^D,19.4
2026-09-18,ADC^A,15.97
2026-09-18,AGM^D,20.96
2026-09-18,AGM^E,20.725
2026-09-18,AGM^F,18.52
2026-09-18,AGM^G,17.2001
2026-09-18,AGM^H,23.27
2026-09-18,AGM^I,24.7596
2026-09-18,AHRT^A,21.28
2026-09-18,AHT^D,5.95
2026-09-18,AHT^F,5.65
2026-09-18,AHT^G,5.775
2026-09-18,AHT^H,4.89
2026-09-18,AHT^I,5.2601
2026-09-18,ALB^A,48.2
2026-09-18,ALL^B,25.68
2026-09-18,ALL^H,18.79
2026-09-18,ALL^I,17.8
2026-09-18,ALL^J,26.07
2026-09-18,ALTG^A,25.88
2026-09-18,AMH^G,21.349
2026-09-18,AMH^H,22.3
2026-09-18,ANG^D,23.05
2026-09-18,ARES^B,40.79
2026-09-18,ARR^C,20.29
2026-09-18,ASB^E,19.36
2026-09-18,ASB^F,18.95
2026-09-18,AUB^A,23.77
2026-09-18,BA^A,62.59
2026-09-18,BAC^B,23.23
2026-09-18,BAC^E,18.555
2026-09-18,BAC^K,22.84
2026-09-18,BAC^L,1251.055
2026-09-18,BAC^M,20.1
2026-09-18,BAC^N,18.8292
2026-09-18,BAC^O,16.55
2026-09-18,BAC^P,15.865
2026-09-18,BAC^Q,16.1
2026-09-18,BAC^S,18.0723
2026-09-18,BANC^F,25.11
2026-09-18,BC^C,23.925
2026-09-18,BCV^A,19.386
2026-09-18,BF-A,26.39
2026-09-18,BF-B,26.0
2026-09-18,BFH^A,24.3499
2026-09-18,BFH^B,24.7
2026-09-18,BFS^D,19.8829
2026-09-18,BFS^E,19.85
2026-09-18,BHR^B,13.4
2026-09-18,BHR^D,17.5083
2026-09-18,BIO-B,365.08
2026-09-18,BML^G,18.6089
2026-09-18,BML^H,18.55
2026-09-18,BML^J,19.6526
2026-09-18,BML^L,19.6
2026-09-18,BNY^K,24.98
2026-09-18,BOH^A,15.51
2026-09-18,BOH^B,25.72
2026-09-18,BW^A,22.23
2026-09-18,C^N,26.42
2026-09-18,C^R,23.755
2026-09-18,CDR^B,16.63
2026-09-18,CDR^C,15.2483
2026-09-18,CFG^E,17.8
2026-09-18,CFG^H,26.3
2026-09-18,CFG^I,24.98
2026-09-18,CFR^B,16.3616
2026-09-18,CIM^A,20.4707
2026-09-18,CIM^B,23.7512
2026-09-18,CIM^C,22.27
2026-09-18,CIM^D,23.535
2026-09-18,CLDT^A,20.18
2026-09-18,CMS^B,76.1
2026-09-18,CMS^C,16.29
2026-09-18,CNO^A,16.6592
2026-09-18,CODI^A,19.4
2026-09-18,CODI^B,22.36
2026-09-18,CODI^C,21.875
2026-09-18,COF^I,17.61
2026-09-18,COF^J,16.865
2026-09-18,COF^K,16.33
2026-09-18,COF^L,15.5
2026-09-18,COF^N,15.25
2026-09-18,CRD-A,12.42
2026-09-18,CRD-B,11.29
2026-09-18,CTA^A,53.0
2026-09-18,CTA^B,65.25
2026-09-18,CTO^A,20.47
2026-09-18,DBRG^H,15.0
2026-09-18,DBRG^I,15.14
2026-09-18,DBRG^J,15.41
2026-09-18,DCOM^,17.1
2026-09-18,DLR^J,18.7
2026-09-18,DLR^K,20.859
2026-09-18,DLR^L,18.55
2026-09-18,DUK^A,23.0
2026-09-18,DX^C,25.98
2026-09-18,ECC^D,18.25
2026-09-18,ECF^A,19.87
2026-09-18,EFC^B,25.2
2026-09-18,EFC^C,25.678
2026-09-18,EFC^D,23.8208
2026-09-18,EP^C,50.0
2026-09-18,EPR^C,25.31
2026-09-18,EPR^E,31.2801
2026-09-18,EPR^G,20.09
2026-09-18,EQH^A,17.901
2026-09-18,EQH^C,15.99
2026-09-18,ET^I,11.39
2026-09-18,ETI^,22.61
2026-09-18,F^B,19.8921
2026-09-18,F^C,19.5356
2026-09-18,F^D,20.835
2026-09-18,FBRT^E,19.42
2026-09-18,FHN^E,23.44
2026-09-18,FHN^F,16.83
2026-09-18,FHN^H,23.95
2026-09-18,FITB^A,22.1
2026-09-18,FITB^I,25.5942
2026-09-18,FITB^K,18.18
2026-09-18,FITB^M,25.9441
2026-09-18,FLG^A,23.88
2026-09-18,FLG^U,39.7601
2026-09-18,FOUR^A,56.49
2026-09-18,FRT^C,19.0815
2026-09-18,GAB^G,18.7101
2026-09-18,GAB^H,18.738
2026-09-18,GAB^K,18.95
2026-09-18,GAM^B,23.7699
2026-09-18,GDV^H,20.74
2026-09-18,GDV^K,16.6001
2026-09-18,GGN^B,18.67
2026-09-18,GGT^E,19.99
2026-09-18,GGT^G,20.01
2026-09-18,GL^D,14.77
2026-09-18,GLU^A,50.5
2026-09-18,GLU^B,50.735
2026-09-18,GNL^A,22.56
2026-09-18,GNL^B,21.59
2026-09-18,GNL^D,22.6
2026-09-18,GNL^E,22.7
2026-09-18,GNT^A,19.34
2026-09-18,GPMT^A,15.85
2026-09-18,GPUS^D,18.0
2026-09-18,GRBK^A,21.28
2026-09-18,GS^A,19.015
2026-09-18,GS^C,19.31
2026-09-18,GS^D,18.76
2026-09-18,GUT^C,20.52
2026-09-18,HEI-A,223.0
2026-09-18,HFRO^A,16.211
2026-09-18,HFRO^B,16.029
2026-09-18,HIG^G,23.21
2026-09-18,HL^B,72.0
2026-09-18,HPE^C,158.85
2026-09-18,HPP^C,14.25
2026-09-18,HVII,9.5
2026-09-18,HVT-A,28.87
2026-09-18,IIPR^A,24.98
2026-09-18,INN^E,17.56
2026-09-18,INN^F,16.54
2026-09-18,IPEX,9.61
2026-09-18,IVR^C,24.21
2026-09-18,JPM^C,23.8537
2026-09-18,JPM^D,22.68
2026-09-18,JPM^J,18.23
2026-09-18,JPM^K,17.45
2026-09-18,JPM^L,17.815
2026-09-18,JPM^M,16.66
2026-09-18,JXN^A,25.54
2026-09-18,KEY^I,25.0
2026-09-18,KEY^J,20.57
2026-09-18,KEY^K,20.5
2026-09-18,KEY^L,25.01
2026-09-18,KIM^L,20.5
2026-09-18,KIM^M,20.3983
2026-09-18,KIM^N,61.085
2026-09-18,KKR^D,44.7
2026-09-18,KREF^A,18.18
2026-09-18,LFT^A,16.9402
2026-09-18,LNC^D,26.05
2026-09-18,LOB^A,25.03
2026-09-18,LXP^C,49.29
2026-09-18,MAA^I,49.965
2026-09-18,MER^K,24.14
2026-09-18,MET^A,20.99
2026-09-18,MET^E,20.84
2026-09-18,MET^F,17.29
2026-09-18,MFA^B,19.75
2026-09-18,MFA^C,23.1
2026-09-18,MITT^A,22.37
2026-09-18,MITT^B,20.43
2026-09-18,MITT^C,25.1
2026-09-18,MS^A,18.92
2026-09-18,MS^E,25.5266
2026-09-18,MS^F,25.32
2026-09-18,MS^I,24.0801
2026-09-18,MS^K,22.34
2026-09-18,MS^L,18.765
2026-09-18,MS^O,16.37
2026-09-18,MS^P,24.91
2026-09-18,MS^Q,25.31
2026-09-18,MTB^H,25.01
2026-09-18,MTB^J,25.74
2026-09-18,MTB^K,23.6618
2026-09-18,MTB^L,24.27
2026-09-18,NCV^A,19.75
2026-09-18,NCZ^A,19.25
2026-09-18,NEE^N,19.93
2026-09-18,NEE^S,50.435
2026-09-18,NEE^T,47.09
2026-09-18,NEE^U,22.63
2026-09-18,NEE^V,44.73
2026-09-18,NEE^W,23.03
2026-09-18,NGL^B,25.8
2026-09-18,NGL^C,25.77
2026-09-18,NLY^F,25.26
2026-09-18,NLY^G,25.136
2026-09-18,NLY^I,24.94
2026-09-18,NLY^J,25.81
2026-09-18,NREF^A,24.8
2026-09-18,NXDT^A,12.765
2026-09-18,OAK^A,20.23
2026-09-18,OAK^B,20.29
2026-09-18,OPP^A,15.26
2026-09-18,OPP^B,16.445
2026-09-18,OPP^C,10.13
2026-09-18,ORCL^D,47.29
2026-09-18,PARA,0.935
2026-09-18,PBI^B,21.695
2026-09-18,PCG^A,20.55
2026-09-18,PCG^B,18.81
2026-09-18,PCG^C,17.7565
2026-09-18,PCG^D,17.01
2026-09-18,PCG^E,17.0097
2026-09-18,PCG^G,16.51
2026-09-18,PCG^H,16.01
2026-09-18,PCG^I,15.33
2026-09-18,PCG^X,33.99
2026-09-18,PEB^E,19.9
2026-09-18,PEB^F,19.74
2026-09-18,PEB^G,19.9
2026-09-18,PEB^H,18.42
2026-09-18,PINE^A,25.02
2026-09-18,PMT^A,22.0382
2026-09-18,PMT^B,21.975
2026-09-18,PMT^C,17.515
2026-09-18,PNFP^A,25.3886
2026-09-18,PNFP^B,25.72
2026-09-18,PNFP^C,24.24
2026-09-18,PSA^F,18.68
2026-09-18,PSA^G,18.28
2026-09-18,PSA^H,20.0136
2026-09-18,PSA^I,17.76
2026-09-18,PSA^J,16.99
2026-09-18,PSA^K,17.185
2026-09-18,PSA^L,16.58
2026-09-18,PSA^M,14.825
2026-09-18,PSA^N,14.09
2026-09-18,PSA^O,14.07
2026-09-18,PSA^P,14.315
2026-09-18,PSA^Q,14.1
2026-09-18,PSA^R,14.2732
2026-09-18,PSA^S,14.785
2026-09-18,PSA^T,21.675
2026-09-18,PSA^U,22.23
2026-09-18,PSEC^A,15.75
2026-09-18,PW^A,9.05
2026-09-18,QXO^B,36.5
2026-09-18,RC^C,11.06
2026-09-18,RC^E,12.77
2026-09-18,REXR^B,21.27
2026-09-18,REXR^C,20.2
2026-09-18,RF^C,24.4145
2026-09-18,RF^E,15.7
2026-09-18,RF^F,25.38
2026-09-18,RITM^A,25.4
2026-09-18,RITM^B,25.2913
2026-09-18,RITM^C,24.76
2026-09-18,RITM^D,25.17
2026-09-18,RITM^E,24.37
2026-09-18,RITM^F,24.85
2026-09-18,RIV^A,20.825
2026-09-18,RLJ^A,25.05
2026-09-18,RPT^C,25.2
2026-09-18,RWT^A,23.34
2026-09-18,SACH^A,21.5
2026-09-18,SCE^G,17.07
2026-09-18,SCE^L,16.635
2026-09-18,SCE^M,23.465
2026-09-18,SCE^N,22.09
2026-09-18,SCHW^D,22.25
2026-09-18,SCHW^J,16.465
2026-09-18,SF^B,22.16
2026-09-18,SF^C,21.75
2026-09-18,SF^D,15.905
2026-09-18,SHO^H,22.3
2026-09-18,SHO^I,21.66
2026-09-18,SLG^I,21.46
2026-09-18,SPE^C,24.7999
2026-09-18,SPG^J,54.75
2026-09-18,SRG^A,20.9636
2026-09-18,STT^G,20.23
2026-09-18,SYF^A,18.66
2026-09-18,SYF^B,26.02
2026-09-18,T^A,17.69
2026-09-18,T^C,16.765
2026-09-18,TDS^U,20.5101
2026-09-18,TDS^V,18.7701
2026-09-18,TFC^I,17.8912
2026-09-18,TFC^O,19.43
2026-09-18,TFC^R,17.28
2026-09-18,TFIN^,21.83
2026-09-18,TRTN^A,25.7
2026-09-18,TRTN^B,25.01
2026-09-18,TRTN^C,24.2
2026-09-18,TRTN^D,22.19
2026-09-18,TRTN^E,18.39
2026-09-18,TRTN^F,23.84
2026-09-18,TRTN^G,23.49
2026-09-18,TRTX^C,17.981
2026-09-18,TWO^A,25.29
2026-09-18,TWO^B,25.27
2026-09-18,TWO^C,25.345
2026-09-18,TY^,41.0
2026-09-18,UMH^D,21.2
2026-09-18,USB^A,773.9999
2026-09-18,USB^H,18.5658
2026-09-18,USB^P,20.5
2026-09-18,USB^Q,14.12
2026-09-18,USB^R,15.1
2026-09-18,USB^S,16.85
2026-09-18,VNO^L,17.03
2026-09-18,VNO^M,17.0
2026-09-18,VNO^N,16.72
2026-09-18,VNO^O,14.0714
2026-09-18,VOYA^B,23.78
2026-09-18,WAL^A,24.71
2026-09-18,WFC^A,17.285
2026-09-18,WFC^C,16.055
2026-09-18,WFC^D,15.67
2026-09-18,WFC^L,1118.0
2026-09-18,WFC^Y,20.79
2026-09-18,WFC^Z,17.51
2026-09-18,WHR^A,29.52
2026-09-18,WRB^E,20.15
2026-09-18,WRB^F,17.78
2026-09-18,WRB^G,15.7275
2026-09-18,WRB^H,15.18
2026-09-18,WSO-B,312.46
2026-09-18,XRN^A,24.97
2026-09-18,XRN^B,25.11
